id,name,isrc,spotify_track_id,spotify_album_id,image_url,spotify_popularity,cm_track,spotify_artist_names,track_genre,cm_artist,artist_names,code2s,artist_images,artist_covers,spotify_artist_ids,spotify_track_ids,spotify_album_ids,spotify_duration_ms,album_ids,album_names,album_upc,album_label,release_dates,composer_name,album,duration_ms,explicit,score,songwriter,artists,rank,added_at,duration,chart_type,chart_name,current_plays,code2,spotify,velocity,pre_rank,peak_rank,peak_date,time_on_chart,rankStats
140970481,Please Please Please,USUM72404101,5N3hjp1WNayUPZrA8kJmJP,5bBaoign62r1i7OV8w7mi9,https://i.scdn.co/image/ab67616d0000b273de84adf0e48248ea2d769c3e,98,122336328,['Sabrina Carpenter'],"dance pop,electropop,pop,post-teen pop,viral pop",[4550],['Sabrina Carpenter'],['US'],['https://i.scdn.co/image/ab6761610000e5ebe053b8338322b9c8609ee7ae'],[None],['74KM79TiuVKeVCqs8QtB0B'],['5N3hjp1WNayUPZrA8kJmJP'],['5bBaoign62r1i7OV8w7mi9'],186365,[36053368],['Please Please Please'],['602465891782'],['Island Records'],['2024-06-06'],"Sabrina Carpenter, Jack Antonoff, Amy Allen","[{'id': 36053368, 'label': 'Island Records', 'name': 'Please Please Please', 'release_date': '2024-06-06', 'upc': '602465891782'}]",186365,True,0.434435917497,"['Sabrina Carpenter', 'Jack Antonoff', 'Amy Allen']","[{'career_stage': 'superstar', 'code2': 'US', 'id': 4550, 'name': 'Sabrina Carpenter', 'image_url': 'https://i.scdn.co/image/ab6761610000e5ebe053b8338322b9c8609ee7ae'}]",1,2024-07-01T00:00:00.000Z,daily,regional,REGIONAL DAILY,,US,140970481,0.0,1,1,2024-06-10T00:00:00.000Z,25,"[{'plays': None, 'rank': 1, 'timestp': '2024-06-24T00:00:00.000Z'}, {'plays': None, 'rank': 1, 'timestp': '2024-06-25T00:00:00.000Z'}, {'plays': None, 'rank': 1, 'timestp': '2024-06-26T00:00:00.000Z'}, {'plays': None, 'rank': 1, 'timestp': '2024-06-27T00:00:00.000Z'}, {'plays': None, 'rank': 1, 'timestp': '2024-06-28T00:00:00.000Z'}, {'plays': None, 'rank': 1, 'timestp': '2024-06-29T00:00:00.000Z'}, {'plays': None, 'rank': 1, 'timestp': '2024-06-30T00:00:00.000Z'}, {'plays': None, 'rank': 1, 'timestp': '2024-07-01T00:00:00.000Z'}]"
138255539,Not Like Us,USUG12400910,6AI3ezQ4o3HUoP6Dhudph3,5JjnoGJyOxfSZUZtk2rRwZ,https://i.scdn.co/image/ab67616d0000b2731ea0c62b2339cbf493a999ad,97,120189440,['Kendrick Lamar'],"conscious hip hop,hip hop,pop rap,rap,west coast rap",[3768],['Kendrick Lamar'],['US'],['https://i.scdn.co/image/ab6761610000e5eb437b9e2a82505b3d93ff1022'],['https://i.scdn.co/image/224a09b6da91299e7ae699256ac3faa41a701c2f'],['2YZyLoL8N0Wb9xBt1NhZWg'],['6AI3ezQ4o3HUoP6Dhudph3'],['5JjnoGJyOxfSZUZtk2rRwZ'],274192,[35135021],['Not Like Us'],['602465779974'],['Kendrick Lamar under exclusive license to Interscope Records'],['2024-05-04'],Kendrick Lamar,"[{'id': 35135021, 'label': 'Kendrick Lamar under exclusive license to Interscope Records', 'name': 'Not Like Us', 'release_date': '2024-05-04', 'upc': '602465779974'}]",274192,True,0.602001065235,['Kendrick Lamar'],"[{'career_stage': 'superstar', 'code2': 'US', 'id': 3768, 'name': 'Kendrick Lamar', 'image_url': 'https://i.scdn.co/image/ab6761610000e5eb437b9e2a82505b3d93ff1022'}]",2,2024-07-01T00:00:00.000Z,daily,regional,REGIONAL DAILY,,US,138255539,0.0,2,1,2024-05-06T00:00:00.000Z,57,"[{'plays': None, 'rank': 2, 'timestp': '2024-06-24T00:00:00.000Z'}, {'plays': None, 'rank': 2, 'timestp': '2024-06-25T00:00:00.000Z'}, {'plays': None, 'rank': 2, 'timestp': '2024-06-26T00:00:00.000Z'}, {'plays': None, 'rank': 2, 'timestp': '2024-06-27T00:00:00.000Z'}, {'plays': None, 'rank': 2, 'timestp': '2024-06-28T00:00:00.000Z'}, {'plays': None, 'rank': 2, 'timestp': '2024-06-29T00:00:00.000Z'}, {'plays': None, 'rank': 2, 'timestp': '2024-06-30T00:00:00.000Z'}, {'plays': None, 'rank': 2, 'timestp': '2024-07-01T00:00:00.000Z'}]"
139556669,A Bar Song (Tipsy),USUYG1541249,5fZJQrFKWQLb7FpJXZ1g7K,0DLvFVIfwt3OHdK9kGeEM3,https://i.scdn.co/image/ab67616d0000b27380d86d636244b72a3a1eede2,88,118969192,['Shaboozey'],pop rap,[353814],['Shaboozey'],['US'],['https://i.scdn.co/image/ab6761610000e5eb89447fe120bae042c52fad07'],[None],['3y2cIKLjiOlp1Np37WiUdH'],['5fZJQrFKWQLb7FpJXZ1g7K'],['0DLvFVIfwt3OHdK9kGeEM3'],171291,[34611552],['A Bar Song (Tipsy)'],['197342551922'],['American Dogwood / EMPIRE'],['2024-05-31'],"Sean Cook, Nevin Sastry, Jerrel Jones, Joe Kent, Mark Williams","[{'id': 34611552, 'label': 'American Dogwood / EMPIRE', 'name': 'A Bar Song (Tipsy)', 'release_date': '2024-04-12', 'upc': '197342551922'}]",171291,True,0.321346011039,"['Sean Cook', 'Nevin Sastry', 'Jerrel Jones', 'Joe Kent', 'Mark Williams']","[{'career_stage': 'mainstream', 'code2': 'US', 'id': 353814, 'name': 'Shaboozey', 'image_url': 'https://i.scdn.co/image/ab6761610000e5eb89447fe120bae042c52fad07'}]",3,2024-07-01T00:00:00.000Z,daily,regional,REGIONAL DAILY,,US,139556669,0.42857142857142855,3,1,2024-07-05T00:00:00.000Z,31,"[{'plays': None, 'rank': 6, 'timestp': '2024-06-24T00:00:00.000Z'}, {'plays': None, 'rank': 8, 'timestp': '2024-06-25T00:00:00.000Z'}, {'plays': None, 'rank': 8, 'timestp': '2024-06-26T00:00:00.000Z'}, {'plays': None, 'rank': 8, 'timestp': '2024-06-27T00:00:00.000Z'}, {'plays': None, 'rank': 8, 'timestp': '2024-06-28T00:00:00.000Z'}, {'plays': None, 'rank': 3, 'timestp': '2024-06-29T00:00:00.000Z'}, {'plays': None, 'rank': 3, 'timestp': '2024-06-30T00:00:00.000Z'}, {'plays': None, 'rank': 3, 'timestp': '2024-07-01T00:00:00.000Z'}]"
137338334,Espresso,USUM72403305,2qSkIjg1o9h3YT9RAgYN75,5quMTd5zeI9yW5UDua8wS4,https://i.scdn.co/image/ab67616d0000b273659cd4673230913b3918e0d5,99,118981138,['Sabrina Carpenter'],"dance pop,electropop,pop,post-teen pop,viral pop",[4550],['Sabrina Carpenter'],['US'],['https://i.scdn.co/image/ab6761610000e5ebe053b8338322b9c8609ee7ae'],[None],['74KM79TiuVKeVCqs8QtB0B'],['2qSkIjg1o9h3YT9RAgYN75'],['5quMTd5zeI9yW5UDua8wS4'],175459,[34612905],['Espresso'],['602465590111'],['Island Records'],['2024-04-12'],"Sabrina Carpenter, Julian Bunetta, Amy Allen, Steph Jones","[{'id': 34612905, 'label': 'Island Records', 'name': 'Espresso', 'release_date': '2024-04-12', 'upc': '602465590111'}]",175459,True,0.355924641174,"['Sabrina Carpenter', 'Julian Bunetta', 'Amy Allen', 'Steph Jones']","[{'career_stage': 'superstar', 'code2': 'US', 'id': 4550, 'name': 'Sabrina Carpenter', 'image_url': 'https://i.scdn.co/image/ab6761610000e5ebe053b8338322b9c8609ee7ae'}]",4,2024-07-01T00:00:00.000Z,daily,regional,REGIONAL DAILY,,US,137338334,-0.14285714285714285,4,1,2024-04-30T00:00:00.000Z,81,"[{'plays': None, 'rank': 3, 'timestp': '2024-06-24T00:00:00.000Z'}, {'plays': None, 'rank': 3, 'timestp': '2024-06-25T00:00:00.000Z'}, {'plays': None, 'rank': 3, 'timestp': '2024-06-26T00:00:00.000Z'}, {'plays': None, 'rank': 3, 'timestp': '2024-06-27T00:00:00.000Z'}, {'plays': None, 'rank': 3, 'timestp': '2024-06-28T00:00:00.000Z'}, {'plays': None, 'rank': 4, 'timestp': '2024-06-29T00:00:00.000Z'}, {'plays': None, 'rank': 4, 'timestp': '2024-06-30T00:00:00.000Z'}, {'plays': None, 'rank': 4, 'timestp': '2024-07-01T00:00:00.000Z'}]"
138330270,I Had Some Help (feat. Morgan Wallen),USUM72404990,7221xIgOnuakPdLqT0F3nP,1woYXxyyxTQJ0E0AhZE6mj,https://is1-ssl.mzstatic.com/image/thumb/Music211/v4/94/45/41/9445418f-9387-0479-d23c-e0b425e56960/24UMGIM50612.rgb.jpg/160x160bb.jpg,95,120372551,"['Post Malone', 'Morgan Wallen']","dfw rap,melodic rap,pop,rap,contemporary country,country road,deep talent show","[135326, 212715]","['Post Malone', 'Morgan Wallen']","['US', 'US']","['https://i.scdn.co/image/ab6761610000e5ebe17c0aa1714a03d62b5ce4e0', 'https://i.scdn.co/image/ab6761610000e5ebcdb9694bfa4a026ee19426ae']","[None, None]","['246dkjvS1zLTtiykXe5h60', '4oUHIQIBe0LHzYfvXNW4QM']",['7221xIgOnuakPdLqT0F3nP'],['1woYXxyyxTQJ0E0AhZE6mj'],178205,[35215538],['I Had Some Help'],['602465765199'],['Mercury Records/Republic Records'],['2024-05-10'],"Morgan Wallen, Austin Post, Louis Bell, Ernest Smith, Hoskins","[{'id': 35215538, 'label': 'Mercury Records/Republic Records', 'name': 'I Had Some Help', 'release_date': '2024-05-10', 'upc': '602465765199'}]",178205,True,0.358596605525,"['Morgan Wallen', 'Austin Post', 'Louis Bell', 'Ernest Smith', 'Hoskins']","[{'career_stage': 'superstar', 'code2': 'US', 'id': 135326, 'name': 'Post Malone', 'image_url': 'https://i.scdn.co/image/ab6761610000e5ebe17c0aa1714a03d62b5ce4e0'}]",5,2024-07-01T00:00:00.000Z,daily,regional,REGIONAL DAILY,,US,138330270,-0.14285714285714285,5,1,2024-05-11T00:00:00.000Z,52,"[{'plays': None, 'rank': 4, 'timestp': '2024-06-24T00:00:00.000Z'}, {'plays': None, 'rank': 4, 'timestp': '2024-06-25T00:00:00.000Z'}, {'plays': None, 'rank': 4, 'timestp': '2024-06-26T00:00:00.000Z'}, {'plays': None, 'rank': 4, 'timestp': '2024-06-27T00:00:00.000Z'}, {'plays': None, 'rank': 4, 'timestp': '2024-06-28T00:00:00.000Z'}, {'plays': None, 'rank': 5, 'timestp': '2024-06-29T00:00:00.000Z'}, {'plays': None, 'rank': 5, 'timestp': '2024-06-30T00:00:00.000Z'}, {'plays': None, 'rank': 5, 'timestp': '2024-07-01T00:00:00.000Z'}]"
138482794,BIRDS OF A FEATHER,USUM72401994,6dOtVTDdiauQNBQEDOtlAB,7aJuG4TFXa2hmE4z1yxc3n,https://i.scdn.co/image/ab67616d0000b27371d62ea7ea8a5be92d3c1f62,99,120611262,['Billie Eilish'],"electropop,pop",[5596],['Billie Eilish'],['US'],['https://i.scdn.co/image/ab6761610000e5eb4a21b4760d2ecb7b0dcdc8da'],['https://i.scdn.co/image/4eb05245a5cdc72e864a39f7a7a8432959d66dab'],['6qqNVTkY8uBg9cP3Jd7DAH'],['6dOtVTDdiauQNBQEDOtlAB'],['7aJuG4TFXa2hmE4z1yxc3n'],210373,[35329855],['HIT ME HARD AND SOFT'],['602465630909'],['Darkroom/Interscope Records'],['2024-05-17'],,"[{'id': 35329855, 'label': 'Darkroom/Interscope Records', 'name': 'HIT ME HARD AND SOFT', 'release_date': '2024-05-17', 'upc': '602465630909'}]",210373,False,0.293065173512,,"[{'career_stage': 'superstar', 'code2': 'US', 'id': 5596, 'name': 'Billie Eilish', 'image_url': 'https://i.scdn.co/image/ab67616100005174d8b9980db67272cb4d2c3daf'}]",6,2024-07-01T00:00:00.000Z,daily,regional,REGIONAL DAILY,,US,138482794,-0.14285714285714285,6,2,2024-06-05T00:00:00.000Z,45,"[{'plays': None, 'rank': 5, 'timestp': '2024-06-24T00:00:00.000Z'}, {'plays': None, 'rank': 5, 'timestp': '2024-06-25T00:00:00.000Z'}, {'plays': None, 'rank': 5, 'timestp': '2024-06-26T00:00:00.000Z'}, {'plays': None, 'rank': 5, 'timestp': '2024-06-27T00:00:00.000Z'}, {'plays': None, 'rank': 5, 'timestp': '2024-06-28T00:00:00.000Z'}, {'plays': None, 'rank': 6, 'timestp': '2024-06-29T00:00:00.000Z'}, {'plays': None, 'rank': 6, 'timestp': '2024-06-30T00:00:00.000Z'}, {'plays': None, 'rank': 6, 'timestp': '2024-07-01T00:00:00.000Z'}]"
137031940,"Good Luck, Babe!",USUG12401967,0WbMK4wrZ1wFSty9F7FCgu,1WAjjRMfZjEXtB0lQrAw6Q,https://i.scdn.co/image/ab67616d0000b27391b4bc7c88d91a42e0f3a8b7,95,118460988,['Chappell Roan'],"indie electropop,springfield mo indie",[717312],['Chappell Roan'],['US'],['https://i.scdn.co/image/ab6761610000e5ebcde5a0d57c1b79de5fce6bee'],[None],['7GlBOeep6PqTfFi59PTUUN'],['0WbMK4wrZ1wFSty9F7FCgu'],['1WAjjRMfZjEXtB0lQrAw6Q'],218423,[34389812],"['Good Luck, Babe!']",['602465578102'],['Chappell Roan PS/ Island'],['2024-04-05'],Justin Tranter,"[{'id': 34389812, 'label': 'Chappell Roan PS/ Island', 'name': 'Good Luck, Babe!', 'release_date': '2024-04-05', 'upc': '602465578102'}]",218423,False,0.127107341272,['Justin Tranter'],"[{'career_stage': 'mainstream', 'code2': 'US', 'id': 717312, 'name': 'Chappell Roan', 'image_url': 'https://i.scdn.co/image/ab6761610000e5ebcde5a0d57c1b79de5fce6bee'}]",7,2024-07-01T00:00:00.000Z,daily,regional,REGIONAL DAILY,,US,137031940,0.0,7,5,2024-04-19T00:00:00.000Z,86,"[{'plays': None, 'rank': 7, 'timestp': '2024-06-24T00:00:00.000Z'}, {'plays': None, 'rank': 7, 'timestp': '2024-06-25T00:00:00.000Z'}, {'plays': None, 'rank': 6, 'timestp': '2024-06-26T00:00:00.000Z'}, {'plays': None, 'rank': 6, 'timestp': '2024-06-27T00:00:00.000Z'}, {'plays': None, 'rank': 6, 'timestp': '2024-06-28T00:00:00.000Z'}, {'plays': None, 'rank': 7, 'timestp': '2024-06-29T00:00:00.000Z'}, {'plays': None, 'rank': 7, 'timestp': '2024-06-30T00:00:00.000Z'}, {'plays': None, 'rank': 7, 'timestp': '2024-07-01T00:00:00.000Z'}]"
140700554,MILLION DOLLAR BABY,QM24S2402528,5AJ9hqTS2wcFQCELCFRO7A,2Z1gnUf3nbn6DtwZSUIH54,https://i.scdn.co/image/ab67616d0000b27301c0cd5da820e6128655854f,95,119723065,['Tommy Richman'],,[1417553],['Tommy Richman'],['US'],['https://i.scdn.co/image/ab6761610000e5ebbb330168f192dbdc28fcbd37'],[None],['1WaFQSHVGZQJTbf0BdxdNo'],['5AJ9hqTS2wcFQCELCFRO7A'],['2Z1gnUf3nbn6DtwZSUIH54'],155151,[34933423],['Million Dollar Baby - Single'],['193436381567'],['ISO Supremacy. Under exclusive license to PULSE Records.'],['2024-04-26'],"Tommy Richman, Gideon Endalkachew","[{'id': 34933423, 'label': 'ISO Supremacy. Under exclusive license to PULSE Records.', 'name': 'Million Dollar Baby - Single', 'release_date': '2024-04-26', 'upc': '193436381567'}]",155151,False,0.745930895083,"['Tommy Richman', 'Gideon Endalkachew']","[{'career_stage': 'mid-level', 'code2': 'US', 'id': 1417553, 'name': 'Tommy Richman', 'image_url': 'https://i.scdn.co/image/ab6761610000e5ebbb330168f192dbdc28fcbd37'}]",8,2024-07-01T00:00:00.000Z,daily,regional,REGIONAL DAILY,,US,140700554,0.0,8,3,2024-06-05T00:00:00.000Z,27,"[{'plays': None, 'rank': 8, 'timestp': '2024-06-24T00:00:00.000Z'}, {'plays': None, 'rank': 6, 'timestp': '2024-06-25T00:00:00.000Z'}, {'plays': None, 'rank': 7, 'timestp': '2024-06-26T00:00:00.000Z'}, {'plays': None, 'rank': 7, 'timestp': '2024-06-27T00:00:00.000Z'}, {'plays': None, 'rank': 7, 'timestp': '2024-06-28T00:00:00.000Z'}, {'plays': None, 'rank': 8, 'timestp': '2024-06-29T00:00:00.000Z'}, {'plays': None, 'rank': 8, 'timestp': '2024-06-30T00:00:00.000Z'}, {'plays': None, 'rank': 8, 'timestp': '2024-07-01T00:00:00.000Z'}]"
130675615,HOT TO GO!,USUG12305911,4xdBrk0nFZaP54vvZj0yx7,0EiI8ylL0FmWWpgHVTsZjZ,https://is1-ssl.mzstatic.com/image/thumb/Music126/v4/fb/65/cb/fb65cb0f-4260-d740-d6f5-bb80c9c27c1b/23UMGIM84225.rgb.jpg/160x160bb.jpg,89,108232538,['Chappell Roan'],"indie electropop,springfield mo indie",[717312],['Chappell Roan'],['US'],['https://i.scdn.co/image/ab6761610000e5ebcde5a0d57c1b79de5fce6bee'],[None],['7GlBOeep6PqTfFi59PTUUN'],['4xdBrk0nFZaP54vvZj0yx7'],['0EiI8ylL0FmWWpgHVTsZjZ'],184841,[29551922],['HOT TO GO!'],['602458341935'],['Chappell Roan PS/ Island'],['2023-09-22'],,"[{'id': 29551922, 'label': 'Chappell Roan PS/ Island', 'name': 'HOT TO GO!', 'release_date': '2023-08-11', 'upc': '602458341935'}]",184841,False,0.014297930577,,"[{'career_stage': 'mainstream', 'code2': 'US', 'id': 717312, 'name': 'Chappell Roan', 'image_url': 'https://i.scdn.co/image/ab6761610000e5ebcde5a0d57c1b79de5fce6bee'}]",9,2024-07-01T00:00:00.000Z,daily,regional,REGIONAL DAILY,,US,130675615,0.2857142857142857,10,9,2024-07-01T00:00:00.000Z,26,"[{'plays': None, 'rank': 11, 'timestp': '2024-06-24T00:00:00.000Z'}, {'plays': None, 'rank': 12, 'timestp': '2024-06-25T00:00:00.000Z'}, {'plays': None, 'rank': 11, 'timestp': '2024-06-26T00:00:00.000Z'}, {'plays': None, 'rank': 11, 'timestp': '2024-06-27T00:00:00.000Z'}, {'plays': None, 'rank': 11, 'timestp': '2024-06-28T00:00:00.000Z'}, {'plays': None, 'rank': 10, 'timestp': '2024-06-29T00:00:00.000Z'}, {'plays': None, 'rank': 10, 'timestp': '2024-06-30T00:00:00.000Z'}, {'plays': None, 'rank': 9, 'timestp': '2024-07-01T00:00:00.000Z'}]"
136864870,Too Sweet,IEACJ2300335,5Z0UnEtpLDQyYlWwgi8m9C,3P4SQqMMgjqfqVxgLwtYRk,https://i.scdn.co/image/ab67616d0000b2738d31514253230baecf195623,89,117691573,['Hozier'],"folk-pop,irish singer-songwriter,pop",[4732],['Hozier'],['IE'],['https://i.scdn.co/image/ab6761610000e5ebad85a585103dfc2f3439119a'],[None],['2FXC3k01G6Gw61bmprjgqS'],['5Z0UnEtpLDQyYlWwgi8m9C'],['3P4SQqMMgjqfqVxgLwtYRk'],251424,[34107542],['Unreal Unearth: Unheard'],['602465624601'],['Universal-Island Records Ltd.'],['2024-03-22'],"Daniel Tannenbaum, Daniel Krieger, Stuart Johnson","[{'id': 34107542, 'label': 'Universal-Island Records Ltd.', 'name': 'Unreal Unearth: Unheard', 'release_date': '2024-03-22', 'upc': '602465624601'}]",251424,False,0.14704051252,"['Daniel Tannenbaum', 'Daniel Krieger', 'Stuart Johnson']","[{'career_stage': 'superstar', 'code2': 'IE', 'id': 4732, 'name': 'Hozier', 'image_url': 'https://i.scdn.co/image/ab6761610000e5ebad85a585103dfc2f3439119a'}]",10,2024-07-01T00:00:00.000Z,daily,regional,REGIONAL DAILY,,US,136864870,-0.14285714285714285,9,5,2024-04-24T00:00:00.000Z,69,"[{'plays': None, 'rank': 9, 'timestp': '2024-06-24T00:00:00.000Z'}, {'plays': None, 'rank': 9, 'timestp': '2024-06-25T00:00:00.000Z'}, {'plays': None, 'rank': 9, 'timestp': '2024-06-26T00:00:00.000Z'}, {'plays': None, 'rank': 10, 'timestp': '2024-06-27T00:00:00.000Z'}, {'plays': None, 'rank': 10, 'timestp': '2024-06-28T00:00:00.000Z'}, {'plays': None, 'rank': 9, 'timestp': '2024-06-29T00:00:00.000Z'}, {'plays': None, 'rank': 9, 'timestp': '2024-06-30T00:00:00.000Z'}, {'plays': None, 'rank': 10, 'timestp': '2024-07-01T00:00:00.000Z'}]"
137046621,Beautiful Things,USWB12307016,3xkHsmpQCBMytMJNiDf3Ii,168CdR21lfn0TTyw1Pkdcm,https://i.scdn.co/image/ab67616d0000b273f2a919d3fa0f2b2593c92d19,91,116167805,['Benson Boone'],,[7623714],['Benson Boone'],['US'],['https://i.scdn.co/image/ab6761610000e5ebb2ce21a89c09c00d80d8ca25'],[None],['22wbnEMDvgVIAGdFeek6ET'],['3xkHsmpQCBMytMJNiDf3Ii'],['168CdR21lfn0TTyw1Pkdcm'],180304,[33087005],['Beautiful Things'],['054391342751'],"['Night Street Records, Inc./Warner Records Inc.']",['2024-04-05'],"Benson Boone, Jackson Lafrantz Larsen, Evan Blair","[{'id': 33087005, 'label': 'Night Street Records, Inc./Warner Records Inc.', 'name': 'Beautiful Things', 'release_date': '2024-01-18', 'upc': '054391342751'}]",180304,False,0.461186664857,"['Benson Boone', 'Jackson Lafrantz Larsen', 'Evan Blair']","[{'career_stage': 'superstar', 'code2': 'US', 'id': 7623714, 'name': 'Benson Boone', 'image_url': 'https://i.scdn.co/image/ab6761610000e5ebb2ce21a89c09c00d80d8ca25'}]",11,2024-07-01T00:00:00.000Z,daily,regional,REGIONAL DAILY,,US,137046621,0.14285714285714285,11,3,2024-04-07T00:00:00.000Z,87,"[{'plays': None, 'rank': 12, 'timestp': '2024-06-24T00:00:00.000Z'}, {'plays': None, 'rank': 13, 'timestp': '2024-06-25T00:00:00.000Z'}, {'plays': None, 'rank': 12, 'timestp': '2024-06-26T00:00:00.000Z'}, {'plays': None, 'rank': 12, 'timestp': '2024-06-27T00:00:00.000Z'}, {'plays': None, 'rank': 12, 'timestp': '2024-06-28T00:00:00.000Z'}, {'plays': None, 'rank': 11, 'timestp': '2024-06-29T00:00:00.000Z'}, {'plays': None, 'rank': 11, 'timestp': '2024-06-30T00:00:00.000Z'}, {'plays': None, 'rank': 11, 'timestp': '2024-07-01T00:00:00.000Z'}]"
138848375,Pink Skies,USWB12401947,4ZJ4vzLQekI0WntDbanNC7,7LRZfujsTLyy814AnMSdtT,https://i.scdn.co/image/ab67616d0000b2731a2c9ac2d39bc5c2e22b9555,89,121011086,['Zach Bryan'],"oklahoma country,red dirt",[1705209],['Zach Bryan'],['US'],['https://i.scdn.co/image/ab6761610000e5eb4fd54df35bfcfa0fc9fc2da7'],[None],['40ZNYROS4zLfyyBSs2PGe2'],['4ZJ4vzLQekI0WntDbanNC7'],['7LRZfujsTLyy814AnMSdtT'],194920,[35497918],['Pink Skies'],['054391263575'],['Warner Records'],['2024-05-24'],,"[{'id': 35497918, 'label': 'Warner Records', 'name': 'Pink Skies', 'release_date': '2024-05-24', 'upc': '054391263575'}]",194920,False,0.102633799043,,"[{'career_stage': 'superstar', 'code2': 'US', 'id': 1705209, 'name': 'Zach Bryan', 'image_url': 'https://i.scdn.co/image/ab676161000051744fd54df35bfcfa0fc9fc2da7'}]",12,2024-07-01T00:00:00.000Z,daily,regional,REGIONAL DAILY,,US,138848375,-0.2857142857142857,13,7,2024-05-25T00:00:00.000Z,38,"[{'plays': None, 'rank': 10, 'timestp': '2024-06-24T00:00:00.000Z'}, {'plays': None, 'rank': 11, 'timestp': '2024-06-25T00:00:00.000Z'}, {'plays': None, 'rank': 13, 'timestp': '2024-06-26T00:00:00.000Z'}, {'plays': None, 'rank': 13, 'timestp': '2024-06-27T00:00:00.000Z'}, {'plays': None, 'rank': 13, 'timestp': '2024-06-28T00:00:00.000Z'}, {'plays': None, 'rank': 13, 'timestp': '2024-06-29T00:00:00.000Z'}, {'plays': None, 'rank': 13, 'timestp': '2024-06-30T00:00:00.000Z'}, {'plays': None, 'rank': 12, 'timestp': '2024-07-01T00:00:00.000Z'}]"
142951724,Pour Me A Drink (Feat. Blake Shelton),USUM72405604,5ZLL6wYXeqg0k35ZkDRfhZ,1WE56xSN0l6bnwGyLeQWdz,https://i.scdn.co/image/ab67616d0000b273e5b7e78228c41955b1030e63,86,123201127,"['Post Malone', 'Blake Shelton']","contemporary country,country,country road,oklahoma country,dfw rap,melodic rap,pop,rap","[135326, 1258]","['Post Malone', 'Blake Shelton']","['US', 'US']","['https://i.scdn.co/image/ab6761610000e5ebe17c0aa1714a03d62b5ce4e0', 'https://i.scdn.co/image/ab6761610000e5ebe2cff2190102be30cfb8bfe5']","[None, None]","['246dkjvS1zLTtiykXe5h60', '1UTPBmNbXNTittyMJrNkvw']",['5ZLL6wYXeqg0k35ZkDRfhZ'],['1WE56xSN0l6bnwGyLeQWdz'],195122,[36413766],['Pour Me A Drink'],['602465924589'],['Mercury Records/Post Malone'],['2024-06-21'],"Louis Bell, Charlie Handsome, Austin Post, John Byron, Rocky Block, Jordan Dozzi","[{'id': 36413766, 'label': 'Mercury Records/Post Malone', 'name': 'Pour Me A Drink', 'release_date': '2024-06-21', 'upc': '602465924589'}]",195122,False,0.086125335632,"['Louis Bell', 'Charlie Handsome', 'Austin Post', 'John Byron', 'Rocky Block', 'Jordan Dozzi']","[{'career_stage': 'superstar', 'code2': 'US', 'id': 135326, 'name': 'Post Malone', 'image_url': 'https://i.scdn.co/image/ab6761610000e5ebe17c0aa1714a03d62b5ce4e0'}, {'career_stage': 'superstar', 'code2': 'US', 'id': 1258, 'name': 'Blake Shelton', 'image_url': 'https://i.scdn.co/image/ab6761610000e5ebe2cff2190102be30cfb8bfe5'}]",13,2024-07-01T00:00:00.000Z,daily,regional,REGIONAL DAILY,,US,142951724,0.5714285714285714,12,9,2024-06-21T00:00:00.000Z,11,"[{'plays': None, 'rank': 17, 'timestp': '2024-06-24T00:00:00.000Z'}, {'plays': None, 'rank': 10, 'timestp': '2024-06-25T00:00:00.000Z'}, {'plays': None, 'rank': 10, 'timestp': '2024-06-26T00:00:00.000Z'}, {'plays': None, 'rank': 9, 'timestp': '2024-06-27T00:00:00.000Z'}, {'plays': None, 'rank': 9, 'timestp': '2024-06-28T00:00:00.000Z'}, {'plays': None, 'rank': 12, 'timestp': '2024-06-29T00:00:00.000Z'}, {'plays': None, 'rank': 12, 'timestp': '2024-06-30T00:00:00.000Z'}, {'plays': None, 'rank': 13, 'timestp': '2024-07-01T00:00:00.000Z'}]"
129563442,I Remember Everything (feat. Kacey Musgraves),USWB12304903,4KULAymBBJcPRpk1yO4dOG,6PbnGueEO6LGodPfvNldYf,https://i.scdn.co/image/ab67616d0000b273e5a25ed08d1e7e0fbb440cef,88,110012639,"['Zach Bryan', 'Kacey Musgraves']","contemporary country,country dawn,dance pop,pop,texas country,oklahoma country,red dirt","[1705209, 4336]","['Zach Bryan', 'Kacey Musgraves']","['US', 'US']","['https://i.scdn.co/image/ab6761610000e5eb4fd54df35bfcfa0fc9fc2da7', 'https://i.scdn.co/image/ab6761610000e5ebc548c7ff983f25641dc71ffe']","[None, None]","['40ZNYROS4zLfyyBSs2PGe2', '70kkdajctXSbqSMJbQO424']",['4KULAymBBJcPRpk1yO4dOG'],['6PbnGueEO6LGodPfvNldYf'],227195,[30286348],['I Remember Everything (feat. Kacey Musgraves)'],['054391387974'],['Warner Records'],['2023-08-25'],Kacey Musgraves,"[{'id': 30286348, 'label': 'Warner Records', 'name': 'I Remember Everything (feat. Kacey Musgraves)', 'release_date': '2023-08-24', 'upc': '054391387974'}]",227195,False,0.122936564065,['Kacey Musgraves'],"[{'career_stage': 'superstar', 'code2': 'US', 'id': 1705209, 'name': 'Zach Bryan', 'image_url': 'https://i.scdn.co/image/ab676161000051744fd54df35bfcfa0fc9fc2da7'}, {'career_stage': 'superstar', 'code2': 'US', 'id': 4336, 'name': 'Kacey Musgraves', 'image_url': 'https://i.scdn.co/image/ab6761610000e5ebc548c7ff983f25641dc71ffe'}]",14,2024-07-01T00:00:00.000Z,daily,regional,REGIONAL DAILY,,US,129563442,0.14285714285714285,19,1,2023-08-25T00:00:00.000Z,308,"[{'plays': None, 'rank': 15, 'timestp': '2024-06-24T00:00:00.000Z'}, {'plays': None, 'rank': 19, 'timestp': '2024-06-25T00:00:00.000Z'}, {'plays': None, 'rank': 19, 'timestp': '2024-06-26T00:00:00.000Z'}, {'plays': None, 'rank': 19, 'timestp': '2024-06-27T00:00:00.000Z'}, {'plays': None, 'rank': 19, 'timestp': '2024-06-28T00:00:00.000Z'}, {'plays': None, 'rank': 19, 'timestp': '2024-06-29T00:00:00.000Z'}, {'plays': None, 'rank': 19, 'timestp': '2024-06-30T00:00:00.000Z'}, {'plays': None, 'rank': 14, 'timestp': '2024-07-01T00:00:00.000Z'}]"
138482785,LUNCH,USUM72401991,629DixmZGHc7ILtEntuiWE,7aJuG4TFXa2hmE4z1yxc3n,https://i.scdn.co/image/ab67616d0000b27371d62ea7ea8a5be92d3c1f62,95,120626780,['Billie Eilish'],"electropop,pop",[5596],['Billie Eilish'],['US'],['https://i.scdn.co/image/ab6761610000e5eb4a21b4760d2ecb7b0dcdc8da'],['https://i.scdn.co/image/4eb05245a5cdc72e864a39f7a7a8432959d66dab'],['6qqNVTkY8uBg9cP3Jd7DAH'],['629DixmZGHc7ILtEntuiWE'],['7aJuG4TFXa2hmE4z1yxc3n'],179586,[35329855],['HIT ME HARD AND SOFT'],['602465630909'],['Darkroom/Interscope Records'],['2024-05-17'],,"[{'id': 35329855, 'label': 'Darkroom/Interscope Records', 'name': 'HIT ME HARD AND SOFT', 'release_date': '2024-05-17', 'upc': '602465630909'}]",179586,False,0.295665772318,,"[{'career_stage': 'superstar', 'code2': 'US', 'id': 5596, 'name': 'Billie Eilish', 'image_url': 'https://i.scdn.co/image/ab67616100005174d8b9980db67272cb4d2c3daf'}]",15,2024-07-01T00:00:00.000Z,daily,regional,REGIONAL DAILY,,US,138482785,-0.14285714285714285,14,4,2024-05-23T00:00:00.000Z,45,"[{'plays': None, 'rank': 14, 'timestp': '2024-06-24T00:00:00.000Z'}, {'plays': None, 'rank': 15, 'timestp': '2024-06-25T00:00:00.000Z'}, {'plays': None, 'rank': 15, 'timestp': '2024-06-26T00:00:00.000Z'}, {'plays': None, 'rank': 14, 'timestp': '2024-06-27T00:00:00.000Z'}, {'plays': None, 'rank': 14, 'timestp': '2024-06-28T00:00:00.000Z'}, {'plays': None, 'rank': 14, 'timestp': '2024-06-29T00:00:00.000Z'}, {'plays': None, 'rank': 14, 'timestp': '2024-06-30T00:00:00.000Z'}, {'plays': None, 'rank': 15, 'timestp': '2024-07-01T00:00:00.000Z'}]"
142470267,DEVIL IS A LIE,USC4R2445163,6jlG8gBPNAgBgoivw2Ig09,4WvcBQIZXspq4MYyEPNem2,https://i.scdn.co/image/ab67616d0000b273f1708ceacc5e678619364239,87,122739082,['Tommy Richman'],,[1417553],['Tommy Richman'],['US'],['https://i.scdn.co/image/ab6761610000e5ebbb330168f192dbdc28fcbd37'],[None],['1WaFQSHVGZQJTbf0BdxdNo'],['6jlG8gBPNAgBgoivw2Ig09'],['4WvcBQIZXspq4MYyEPNem2'],130944,[36230526],['DEVIL IS A LIE'],['888072635043'],['PULSE Records'],['2024-06-14'],Tommy Richman,"[{'id': 36230526, 'label': 'PULSE Records', 'name': 'DEVIL IS A LIE', 'release_date': '2024-06-14', 'upc': '888072635043'}]",130944,True,0.108671506242,['Tommy Richman'],"[{'career_stage': 'mid-level', 'code2': 'US', 'id': 1417553, 'name': 'Tommy Richman', 'image_url': 'https://i.scdn.co/image/ab6761610000e5ebbb330168f192dbdc28fcbd37'}]",16,2024-07-01T00:00:00.000Z,daily,regional,REGIONAL DAILY,,US,142470267,0.7142857142857143,15,13,2024-07-03T00:00:00.000Z,15,"[{'plays': None, 'rank': 21, 'timestp': '2024-06-24T00:00:00.000Z'}, {'plays': None, 'rank': 18, 'timestp': '2024-06-25T00:00:00.000Z'}, {'plays': None, 'rank': 18, 'timestp': '2024-06-26T00:00:00.000Z'}, {'plays': None, 'rank': 18, 'timestp': '2024-06-27T00:00:00.000Z'}, {'plays': None, 'rank': 15, 'timestp': '2024-06-28T00:00:00.000Z'}, {'plays': None, 'rank': 15, 'timestp': '2024-06-29T00:00:00.000Z'}, {'plays': None, 'rank': 15, 'timestp': '2024-06-30T00:00:00.000Z'}, {'plays': None, 'rank': 16, 'timestp': '2024-07-01T00:00:00.000Z'}]"
130674336,Red Wine Supernova,USUG12301845,7FOgcfdz9Nx5V9lCNXdBYv,0EiI8ylL0FmWWpgHVTsZjZ,https://i.scdn.co/image/ab67616d0000b27396fa88fb1789be437d5cb4b6,87,102389811,['Chappell Roan'],"indie electropop,springfield mo indie",[717312],['Chappell Roan'],['US'],['https://i.scdn.co/image/ab6761610000e5ebcde5a0d57c1b79de5fce6bee'],[None],['7GlBOeep6PqTfFi59PTUUN'],['7FOgcfdz9Nx5V9lCNXdBYv'],['0EiI8ylL0FmWWpgHVTsZjZ'],192720,[27296430],['Red Wine Supernova'],['602455772930'],['Chappell Roan PS/ Island'],['2023-09-22'],"Amy Kuney, Annie Schindel, Lisa Hickox","[{'id': 27296430, 'label': 'Chappell Roan PS/ Island', 'name': 'Red Wine Supernova', 'release_date': '2023-05-17', 'upc': '602455772930'}]",192720,True,0.012664623478,"['Amy Kuney', 'Annie Schindel', 'Lisa Hickox']","[{'career_stage': 'mainstream', 'code2': 'US', 'id': 717312, 'name': 'Chappell Roan', 'image_url': 'https://i.scdn.co/image/ab6761610000e5ebcde5a0d57c1b79de5fce6bee'}]",17,2024-07-01T00:00:00.000Z,daily,regional,REGIONAL DAILY,,US,130674336,0.14285714285714285,17,16,2024-06-26T00:00:00.000Z,35,"[{'plays': None, 'rank': 18, 'timestp': '2024-06-24T00:00:00.000Z'}, {'plays': None, 'rank': 17, 'timestp': '2024-06-25T00:00:00.000Z'}, {'plays': None, 'rank': 16, 'timestp': '2024-06-26T00:00:00.000Z'}, {'plays': None, 'rank': 17, 'timestp': '2024-06-27T00:00:00.000Z'}, {'plays': None, 'rank': 17, 'timestp': '2024-06-28T00:00:00.000Z'}, {'plays': None, 'rank': 17, 'timestp': '2024-06-29T00:00:00.000Z'}, {'plays': None, 'rank': 17, 'timestp': '2024-06-30T00:00:00.000Z'}, {'plays': None, 'rank': 17, 'timestp': '2024-07-01T00:00:00.000Z'}]"
136660399,Like That,USSM12402041,2tudvzsrR56uom6smgOcSf,4iqbFIdGOTzXeDtt9owjQn,https://i.scdn.co/image/ab67616d0000b273a46b07c291e6dfdee13b3ee8,91,117725429,"['Future', 'Metro Boomin', 'Kendrick Lamar']","conscious hip hop,hip hop,pop rap,rap,west coast rap,atl hip hop,hip hop,pop,pop rap,rap,southern hip hop,trap,hip hop,pop,pop rap,rap,southern hip hop,trap","[3870, 50780, 3768]","['Future', 'Metro Boomin', 'Kendrick Lamar']","['US', 'US', 'US']","['https://i.scdn.co/image/ab6761610000e5eb6ef89e23678018c6d8630825', 'https://i.scdn.co/image/ab6761610000e5ebdf9a1555f53a20087b8c5a5c', 'https://i.scdn.co/image/ab6761610000e5eb437b9e2a82505b3d93ff1022']","[None, None, 'https://i.scdn.co/image/224a09b6da91299e7ae699256ac3faa41a701c2f']","['1RyvyyTE3xzB2ZywiAwp0i', '0iEtIxbK0KxaSlF7G42ZOp', '2YZyLoL8N0Wb9xBt1NhZWg']",['2tudvzsrR56uom6smgOcSf'],['4iqbFIdGOTzXeDtt9owjQn'],267706,[33922922],"[""WE DON'T TRUST YOU""]",['196871937382'],['Wilburn Holding Co./Boominati/Epic/Republic'],['2024-03-22'],Rodney Oliver,"[{'id': 33922922, 'label': 'Wilburn Holding Co./Boominati/Epic/Republic', 'name': ""WE DON'T TRUST YOU"", 'release_date': '2024-03-22', 'upc': '196871937382'}]",267706,True,0.3256775095,['Rodney Oliver'],"[{'career_stage': 'superstar', 'code2': 'US', 'id': 3870, 'name': 'Future', 'image_url': 'https://i.scdn.co/image/ab6761610000e5eb6ef89e23678018c6d8630825'}, {'career_stage': 'superstar', 'code2': 'US', 'id': 50780, 'name': 'Metro Boomin', 'image_url': 'https://i.scdn.co/image/ab6761610000e5ebdf9a1555f53a20087b8c5a5c'}, {'career_stage': 'superstar', 'code2': 'US', 'id': 3768, 'name': 'Kendrick Lamar', 'image_url': 'https://i.scdn.co/image/ab6761610000e5eb437b9e2a82505b3d93ff1022'}]",18,2024-07-01T00:00:00.000Z,daily,regional,REGIONAL DAILY,,US,136660399,-0.7142857142857143,16,1,2024-03-23T00:00:00.000Z,101,"[{'plays': None, 'rank': 13, 'timestp': '2024-06-24T00:00:00.000Z'}, {'plays': None, 'rank': 14, 'timestp': '2024-06-25T00:00:00.000Z'}, {'plays': None, 'rank': 14, 'timestp': '2024-06-26T00:00:00.000Z'}, {'plays': None, 'rank': 16, 'timestp': '2024-06-27T00:00:00.000Z'}, {'plays': None, 'rank': 16, 'timestp': '2024-06-28T00:00:00.000Z'}, {'plays': None, 'rank': 16, 'timestp': '2024-06-29T00:00:00.000Z'}, {'plays': None, 'rank': 16, 'timestp': '2024-06-30T00:00:00.000Z'}, {'plays': None, 'rank': 18, 'timestp': '2024-07-01T00:00:00.000Z'}]"
118929546,Cowgirls (feat. ERNEST),USUG12300827,7fveJ3pk1eSfxBdVkzdXZ0,6i7mF7whyRJuLJ4ogbH2wh,https://i.scdn.co/image/ab67616d0000b273d8fac419b15a9e3bf2247017,86,100009389,"['Morgan Wallen', 'ERNEST']","contemporary country,country road,deep talent show","[212715, 1783398]","['Morgan Wallen', 'ERNEST']","['US', 'US']","['https://i.scdn.co/image/ab6761610000e5ebcdb9694bfa4a026ee19426ae', 'https://i.scdn.co/image/ab6761610000e5ebba81a6b7ab8c0c8d19972ff4']","[None, None]","['4oUHIQIBe0LHzYfvXNW4QM', '4GGfAshSkqoxpZdoaHm7ky']",['7fveJ3pk1eSfxBdVkzdXZ0'],['6i7mF7whyRJuLJ4ogbH2wh'],181621,[26371181],['One Thing At A Time'],['602455241344'],['Big Loud Records / Mercury Records / Republic Records'],['2023-03-03'],"Rocky Block, Ashley Gorley, James Maddocks, Ernest Keith Smith","[{'id': 26371181, 'label': 'Big Loud Records / Mercury Records / Republic Records', 'name': 'One Thing At A Time', 'release_date': '2023-03-03', 'upc': '602455241344'}]",181621,False,0.048569753569,"['Rocky Block', 'Ashley Gorley', 'James Maddocks', 'Ernest Keith Smith']","[{'career_stage': 'superstar', 'code2': 'US', 'id': 212715, 'name': 'Morgan Wallen', 'image_url': 'https://i.scdn.co/image/ab6761610000e5ebcdb9694bfa4a026ee19426ae'}, {'career_stage': 'mainstream', 'code2': 'US', 'id': 1783398, 'name': 'ERNEST', 'image_url': 'https://i.scdn.co/image/ab6761610000e5ebba81a6b7ab8c0c8d19972ff4'}]",19,2024-07-01T00:00:00.000Z,daily,regional,REGIONAL DAILY,,US,118929546,0.14285714285714285,18,18,2024-06-29T00:00:00.000Z,59,"[{'plays': None, 'rank': 20, 'timestp': '2024-06-24T00:00:00.000Z'}, {'plays': None, 'rank': 21, 'timestp': '2024-06-25T00:00:00.000Z'}, {'plays': None, 'rank': 24, 'timestp': '2024-06-26T00:00:00.000Z'}, {'plays': None, 'rank': 24, 'timestp': '2024-06-27T00:00:00.000Z'}, {'plays': None, 'rank': 20, 'timestp': '2024-06-28T00:00:00.000Z'}, {'plays': None, 'rank': 18, 'timestp': '2024-06-29T00:00:00.000Z'}, {'plays': None, 'rank': 18, 'timestp': '2024-06-30T00:00:00.000Z'}, {'plays': None, 'rank': 19, 'timestp': '2024-07-01T00:00:00.000Z'}]"
139520133,Houdini,USUG12403398,2HYFX63wP3otVIvopRS99Z,6Xuu2z00jxRPZei4IJ9neK,https://is1-ssl.mzstatic.com/image/thumb/Music211/v4/31/e5/99/31e59922-5a5c-535b-ee8a-78de87b951f7/24UMGIM59994.rgb.jpg/160x160bb.jpg,94,121490756,['Eminem'],"detroit hip hop,g funk,hip hop,rap",[236],['Eminem'],['US'],['https://i.scdn.co/image/ab6761610000e5eba00b11c129b27a88fc72f36b'],[None],['7dGJo4pcD2V6oG8kP0tJRR'],['2HYFX63wP3otVIvopRS99Z'],['6Xuu2z00jxRPZei4IJ9neK'],227239,[35695534],['Houdini'],['602465882575'],['Shady/Aftermath/Interscope Records'],['2024-05-31'],"Marshall Mathers, Steve Miller, Jeff Bass, Kevin Bell, Anne Dudley, Trevor Horn, Malcolm Mclaren","[{'id': 35695534, 'label': 'Shady/Aftermath/Interscope Records', 'name': 'Houdini', 'release_date': '2024-05-31', 'upc': '602465882575'}]",227239,True,0.429301378748,"['Marshall Mathers', 'Steve Miller', 'Jeff Bass', 'Kevin Bell', 'Anne Dudley', 'Trevor Horn', 'Malcolm Mclaren']","[{'career_stage': 'superstar', 'code2': 'US', 'id': 236, 'name': 'Eminem', 'image_url': 'https://i.scdn.co/image/ab6761610000e5eba00b11c129b27a88fc72f36b'}]",20,2024-07-01T00:00:00.000Z,daily,regional,REGIONAL DAILY,,US,139520133,-0.5714285714285714,20,4,2024-06-01T00:00:00.000Z,31,"[{'plays': None, 'rank': 16, 'timestp': '2024-06-24T00:00:00.000Z'}, {'plays': None, 'rank': 16, 'timestp': '2024-06-25T00:00:00.000Z'}, {'plays': None, 'rank': 17, 'timestp': '2024-06-26T00:00:00.000Z'}, {'plays': None, 'rank': 15, 'timestp': '2024-06-27T00:00:00.000Z'}, {'plays': None, 'rank': 18, 'timestp': '2024-06-28T00:00:00.000Z'}, {'plays': None, 'rank': 20, 'timestp': '2024-06-29T00:00:00.000Z'}, {'plays': None, 'rank': 20, 'timestp': '2024-06-30T00:00:00.000Z'}, {'plays': None, 'rank': 20, 'timestp': '2024-07-01T00:00:00.000Z'}]"
130334280,Lose Control,USWB12302315,17phhZDn6oGtzMe56NuWvj,7nacKlk586eLRBSIsrk9DB,https://i.scdn.co/image/ab67616d0000b2731d856e66d33e22746c21a09c,91,104296194,['Teddy Swims'],,[1481260],['Teddy Swims'],['US'],['https://i.scdn.co/image/ab6761610000e5ebf76e11a5f3c08955fecea690'],[None],['33qOK5uJ8AR2xuQQAhHump'],['17phhZDn6oGtzMe56NuWvj'],['7nacKlk586eLRBSIsrk9DB'],210688,[27890259],['Lose Control'],['054391437884'],['Warner Records'],['2023-09-15'],"Julian Bunetta, Mikky Ekko, Marco Rodriguez","[{'id': 27890259, 'label': 'Warner Records', 'name': 'Lose Control', 'release_date': '2023-06-23', 'upc': '054391437884'}]",210688,False,0.253272575904,"['Julian Bunetta', 'Mikky Ekko', 'Marco Rodriguez']","[{'career_stage': 'superstar', 'code2': 'US', 'id': 1481260, 'name': 'Teddy Swims', 'image_url': 'https://i.scdn.co/image/ab6761610000e5ebf76e11a5f3c08955fecea690'}]",21,2024-07-01T00:00:00.000Z,daily,regional,REGIONAL DAILY,,US,130334280,0.2857142857142857,21,5,2024-03-08T00:00:00.000Z,183,"[{'plays': None, 'rank': 23, 'timestp': '2024-06-24T00:00:00.000Z'}, {'plays': None, 'rank': 23, 'timestp': '2024-06-25T00:00:00.000Z'}, {'plays': None, 'rank': 22, 'timestp': '2024-06-26T00:00:00.000Z'}, {'plays': None, 'rank': 22, 'timestp': '2024-06-27T00:00:00.000Z'}, {'plays': None, 'rank': 23, 'timestp': '2024-06-28T00:00:00.000Z'}, {'plays': None, 'rank': 21, 'timestp': '2024-06-29T00:00:00.000Z'}, {'plays': None, 'rank': 21, 'timestp': '2024-06-30T00:00:00.000Z'}, {'plays': None, 'rank': 21, 'timestp': '2024-07-01T00:00:00.000Z'}]"
113853642,Stick Season,USUM72212470,0mflMxspEfB0VbI1kyLiAv,50ZenUP4O2Q5eCy2NRNvuz,https://i.scdn.co/image/ab67616d0000b2736ee35072df1af802cca09918,90,84275938,['Noah Kahan'],"modern rock,neo mellow,pop",[299283],['Noah Kahan'],['US'],['https://i.scdn.co/image/ab6761610000e5eb336ec53126239813d38ff588'],[None],['2RQXRUsr4IW1f3mKyKsy4B'],['0mflMxspEfB0VbI1kyLiAv'],['50ZenUP4O2Q5eCy2NRNvuz'],182346,[22222249],['Stick Season'],['602448125620'],['Mercury Records/Republic Records'],['2022-10-14'],Noah Kahan,"[{'id': 22222249, 'label': 'Mercury Records/Republic Records', 'name': 'Stick Season', 'release_date': '2022-07-08', 'upc': '602448125620'}]",182346,False,0.086255109334,['Noah Kahan'],"[{'career_stage': 'superstar', 'code2': 'US', 'id': 299283, 'name': 'Noah Kahan', 'image_url': 'https://i.scdn.co/image/ab6761610000e5eb336ec53126239813d38ff588'}]",22,2024-07-01T00:00:00.000Z,daily,regional,REGIONAL DAILY,,US,113853642,0.0,25,1,2024-02-10T00:00:00.000Z,281,"[{'plays': None, 'rank': 22, 'timestp': '2024-06-24T00:00:00.000Z'}, {'plays': None, 'rank': 22, 'timestp': '2024-06-25T00:00:00.000Z'}, {'plays': None, 'rank': 21, 'timestp': '2024-06-26T00:00:00.000Z'}, {'plays': None, 'rank': 20, 'timestp': '2024-06-27T00:00:00.000Z'}, {'plays': None, 'rank': 22, 'timestp': '2024-06-28T00:00:00.000Z'}, {'plays': None, 'rank': 25, 'timestp': '2024-06-29T00:00:00.000Z'}, {'plays': None, 'rank': 25, 'timestp': '2024-06-30T00:00:00.000Z'}, {'plays': None, 'rank': 22, 'timestp': '2024-07-01T00:00:00.000Z'}]"
118936417,Last Night,USUG12300802,7K3BhSpAxZBznislvUMVtn,6i7mF7whyRJuLJ4ogbH2wh,https://i.scdn.co/image/ab67616d0000b273fc1df8423733f6f3c9e8dea2,84,99230859,['Morgan Wallen'],"contemporary country,country road,deep talent show",[212715],['Morgan Wallen'],['US'],['https://i.scdn.co/image/ab6761610000e5ebcdb9694bfa4a026ee19426ae'],[None],['4oUHIQIBe0LHzYfvXNW4QM'],['7K3BhSpAxZBznislvUMVtn'],['6i7mF7whyRJuLJ4ogbH2wh'],163854,[26037251],['3 Songs At A Time Sampler'],['602455245250'],['Big Loud Records / Mercury Records / Republic Records'],['2023-03-03'],"John Byron, Ashley Gorley, Jacob Kasher Hindlin","[{'id': 26037251, 'label': 'Big Loud Records / Mercury Records / Republic Records', 'name': '3 Songs At A Time Sampler', 'release_date': '2023-01-31', 'upc': '602455245250'}]",163854,True,0.135270870893,"['John Byron', 'Ashley Gorley', 'Jacob Kasher Hindlin']","[{'career_stage': 'superstar', 'code2': 'US', 'id': 212715, 'name': 'Morgan Wallen', 'image_url': 'https://i.scdn.co/image/ab6761610000e5ebcdb9694bfa4a026ee19426ae'}]",23,2024-07-01T00:00:00.000Z,daily,regional,REGIONAL DAILY,,US,118936417,0.14285714285714285,22,1,2023-03-03T00:00:00.000Z,469,"[{'plays': None, 'rank': 24, 'timestp': '2024-06-24T00:00:00.000Z'}, {'plays': None, 'rank': 28, 'timestp': '2024-06-25T00:00:00.000Z'}, {'plays': None, 'rank': 27, 'timestp': '2024-06-26T00:00:00.000Z'}, {'plays': None, 'rank': 28, 'timestp': '2024-06-27T00:00:00.000Z'}, {'plays': None, 'rank': 26, 'timestp': '2024-06-28T00:00:00.000Z'}, {'plays': None, 'rank': 22, 'timestp': '2024-06-29T00:00:00.000Z'}, {'plays': None, 'rank': 22, 'timestp': '2024-06-30T00:00:00.000Z'}, {'plays': None, 'rank': 23, 'timestp': '2024-07-01T00:00:00.000Z'}]"
144353113,Smeraldo Garden Marching Band (feat. Loco),USA2P2431059,1kPhV0KQui1phEpjnWIqUN,2PcM535knJOZb6MUth8axj,https://i.scdn.co/image/ab67616d0000b27338881a83135ef5b4ace418ba,92,124167831,"['Jimin', 'Loco']","k-hop,k-pop,korean pop,korean r&b","[9091402, 171652]","['Jimin', 'Loco']","['KR', 'KR']","['https://i.scdn.co/image/ab6761610000e5eb59f8cfc8e71dcaf8c6ec4bde', 'https://i.scdn.co/image/ab6761610000e5eb29971b8d9d19fef176338e4a']","[None, None]","['1oSPZhvZMIrWW5I41kPkkY', '2e4G04F77jxVuDYo44TCSm']",['1kPhV0KQui1phEpjnWIqUN'],['2PcM535knJOZb6MUth8axj'],182840,[36656906],['Smeraldo Garden Marching Band - Single'],['602465983883'],['Universal Music LLC'],['2024-06-28'],"Jimin, Loco, Tommy Brown, Steven Franks, Pdogg, Evan, Gray","[{'id': 36656906, 'label': 'Universal Music LLC', 'name': 'Smeraldo Garden Marching Band - Single', 'release_date': '2024-06-28', 'upc': '602465983883'}]",182840,False,0.087864641904,"['Jimin', 'Loco', 'Tommy Brown', 'Steven Franks', 'Pdogg', 'Evan', 'Gray']","[{'career_stage': 'superstar', 'code2': 'KR', 'id': 9091402, 'name': 'Jimin', 'image_url': 'https://i.scdn.co/image/ab6761610000e5eb59f8cfc8e71dcaf8c6ec4bde'}, {'career_stage': 'mainstream', 'code2': 'KR', 'id': 171652, 'name': 'Loco', 'image_url': 'https://i.scdn.co/image/ab6761610000e5eb29971b8d9d19fef176338e4a'}]",24,2024-07-01T00:00:00.000Z,daily,regional,REGIONAL DAILY,,US,144353113,,49,24,2024-07-01T00:00:00.000Z,3,"[{'plays': None, 'rank': 49, 'timestp': '2024-06-29T00:00:00.000Z'}, {'plays': None, 'rank': 49, 'timestp': '2024-06-30T00:00:00.000Z'}, {'plays': None, 'rank': 24, 'timestp': '2024-07-01T00:00:00.000Z'}]"
137577873,Fortnight (feat. Post Malone),USUG12401028,2OzhQlSqBEmt7hmkYxfT6m,1Mo4aZ8pdj6L1jx8zSwJnt,https://i.scdn.co/image/ab67616d0000b2735076e4160d018e378f488c33,92,119236867,"['Taylor Swift', 'Post Malone']","pop,dfw rap,melodic rap,pop,rap","[2762, 135326]","['Taylor Swift', 'Post Malone']","['US', 'US']","['https://i.scdn.co/image/ab6761610000e5ebe672b5f553298dcdccb0e676', 'https://i.scdn.co/image/ab6761610000e5ebe17c0aa1714a03d62b5ce4e0']","[None, None]","['06HL4z0CvFAxyc27GXpf02', '246dkjvS1zLTtiykXe5h60']",['2OzhQlSqBEmt7hmkYxfT6m'],['1Mo4aZ8pdj6L1jx8zSwJnt'],228965,[34754306],['THE TORTURED POETS DEPARTMENT'],['602465599800'],['Taylor Swift'],['2024-04-18'],"Jack Antonoff, Austin Post","[{'id': 34754306, 'label': 'Taylor Swift', 'name': 'THE TORTURED POETS DEPARTMENT', 'release_date': '2024-04-18', 'upc': '602465599800'}]",228965,False,0.296117251382,"['Jack Antonoff', 'Austin Post']","[{'career_stage': 'superstar', 'code2': 'US', 'id': 2762, 'name': 'Taylor Swift', 'image_url': 'https://share.chartmetric.com/artists/299/172/11172299/11172299-profile.webp'}, {'career_stage': 'superstar', 'code2': 'US', 'id': 135326, 'name': 'Post Malone', 'image_url': 'https://i.scdn.co/image/ab6761610000e5ebe17c0aa1714a03d62b5ce4e0'}]",25,2024-07-01T00:00:00.000Z,daily,regional,REGIONAL DAILY,,US,137577873,-0.8571428571428571,23,1,2024-04-20T00:00:00.000Z,73,"[{'plays': None, 'rank': 19, 'timestp': '2024-06-24T00:00:00.000Z'}, {'plays': None, 'rank': 20, 'timestp': '2024-06-25T00:00:00.000Z'}, {'plays': None, 'rank': 20, 'timestp': '2024-06-26T00:00:00.000Z'}, {'plays': None, 'rank': 21, 'timestp': '2024-06-27T00:00:00.000Z'}, {'plays': None, 'rank': 21, 'timestp': '2024-06-28T00:00:00.000Z'}, {'plays': None, 'rank': 23, 'timestp': '2024-06-29T00:00:00.000Z'}, {'plays': None, 'rank': 23, 'timestp': '2024-06-30T00:00:00.000Z'}, {'plays': None, 'rank': 25, 'timestp': '2024-07-01T00:00:00.000Z'}]"
132504213,NIGHTS LIKE THIS,USSM12308065,1XBYiRV30ykHw5f4wm6qEn,63IolVUykZCHMlu2zu9jHS,https://i.scdn.co/image/ab67616d0000b2732abb30c6296964d5d07458c2,86,113709842,['The Kid LAROI'],australian hip hop,[1333786],['The Kid LAROI'],['AU'],['https://i.scdn.co/image/ab6761610000e5eb393666951ab8b14e9c4ed386'],[None],['2tIP7SsRs7vjIcLrU85W8J'],['1XBYiRV30ykHw5f4wm6qEn'],['63IolVUykZCHMlu2zu9jHS'],86983,[32501735],['BLEED'],['196871708319'],['Columbia'],['2023-11-10'],Charlton Howard,"[{'id': 32501735, 'label': 'Columbia', 'name': 'BLEED', 'release_date': '2023-11-03', 'upc': '196871708319'}]",86983,False,0.021238046728,['Charlton Howard'],"[{'career_stage': 'superstar', 'code2': 'AU', 'id': 1333786, 'name': 'The Kid LAROI', 'image_url': 'https://i.scdn.co/image/ab6761610000e5eb393666951ab8b14e9c4ed386'}]",26,2024-07-01T00:00:00.000Z,daily,regional,REGIONAL DAILY,,US,132504213,,27,20,2024-07-04T00:00:00.000Z,5,"[{'plays': None, 'rank': 48, 'timestp': '2024-06-27T00:00:00.000Z'}, {'plays': None, 'rank': 49, 'timestp': '2024-06-28T00:00:00.000Z'}, {'plays': None, 'rank': 27, 'timestp': '2024-06-29T00:00:00.000Z'}, {'plays': None, 'rank': 27, 'timestp': '2024-06-30T00:00:00.000Z'}, {'plays': None, 'rank': 26, 'timestp': '2024-07-01T00:00:00.000Z'}]"
136735047,Austin,QZTB92360479,2uqYupMHANxnwgeiXTZXzd,40HsqPqeSR9Xe3IyAJWr6e,https://i.scdn.co/image/ab67616d0000b273b345fdf20256c09c8c6f20c4,91,113966423,['Dasha'],,[711404],['Dasha'],['US'],['https://i.scdn.co/image/ab6761610000e5eb028d65354505e72e2cf86077'],[None],['7Ez6lTtSMjMf2YSYpukP1I'],['2uqYupMHANxnwgeiXTZXzd'],['40HsqPqeSR9Xe3IyAJWr6e'],171782,[33850693],['Austin - Single'],['054391279934'],['Warner Records'],['2024-02-16'],"Anna Dasha Novotny, Kenneth Travis Heidelman, Adam Wendler, Cheyenne Rose Arnspiger","[{'id': 33850693, 'label': 'Warner Records', 'name': 'Austin - Single', 'release_date': '2023-11-17', 'upc': '054391279934'}]",171782,True,0.10576460965,"['Anna Dasha Novotny', 'Kenneth Travis Heidelman', 'Adam Wendler', 'Cheyenne Rose Arnspiger']","[{'career_stage': 'mid-level', 'code2': 'US', 'id': 711404, 'name': 'Dasha', 'image_url': 'https://i.scdn.co/image/ab6761610000e5eb028d65354505e72e2cf86077'}]",27,2024-07-01T00:00:00.000Z,daily,regional,REGIONAL DAILY,,US,136735047,-0.2857142857142857,24,14,2024-04-10T00:00:00.000Z,88,"[{'plays': None, 'rank': 25, 'timestp': '2024-06-24T00:00:00.000Z'}, {'plays': None, 'rank': 25, 'timestp': '2024-06-25T00:00:00.000Z'}, {'plays': None, 'rank': 23, 'timestp': '2024-06-26T00:00:00.000Z'}, {'plays': None, 'rank': 23, 'timestp': '2024-06-27T00:00:00.000Z'}, {'plays': None, 'rank': 24, 'timestp': '2024-06-28T00:00:00.000Z'}, {'plays': None, 'rank': 24, 'timestp': '2024-06-29T00:00:00.000Z'}, {'plays': None, 'rank': 24, 'timestp': '2024-06-30T00:00:00.000Z'}, {'plays': None, 'rank': 27, 'timestp': '2024-07-01T00:00:00.000Z'}]"
130676234,Pink Pony Club,USAT22001300,1k2pQc5i348DCHwbn5KTdc,0EiI8ylL0FmWWpgHVTsZjZ,https://i.scdn.co/image/ab67616d0000b2730671d35a24ba34219289675c,85,28916960,['Chappell Roan'],"indie electropop,springfield mo indie",[717312],['Chappell Roan'],['US'],['https://i.scdn.co/image/ab6761610000e5ebcde5a0d57c1b79de5fce6bee'],[None],['7GlBOeep6PqTfFi59PTUUN'],['1k2pQc5i348DCHwbn5KTdc'],['0EiI8ylL0FmWWpgHVTsZjZ'],258034,[5861831],['Pink Pony Club'],['075679821294'],['Atlantic Records'],['2023-09-22'],Dan Nigro,"[{'id': 5861831, 'label': 'Atlantic Records', 'name': 'Pink Pony Club', 'release_date': '2020-04-03', 'upc': '075679821294'}]",258034,False,0.00356500326,['Dan Nigro'],"[{'career_stage': 'mainstream', 'code2': 'US', 'id': 717312, 'name': 'Chappell Roan', 'image_url': 'https://i.scdn.co/image/ab6761610000e5ebcde5a0d57c1b79de5fce6bee'}]",28,2024-07-01T00:00:00.000Z,daily,regional,REGIONAL DAILY,,US,130676234,2.7142857142857144,26,24,2024-07-10T00:00:00.000Z,9,"[{'plays': None, 'rank': 47, 'timestp': '2024-06-24T00:00:00.000Z'}, {'plays': None, 'rank': 44, 'timestp': '2024-06-25T00:00:00.000Z'}, {'plays': None, 'rank': 32, 'timestp': '2024-06-26T00:00:00.000Z'}, {'plays': None, 'rank': 29, 'timestp': '2024-06-27T00:00:00.000Z'}, {'plays': None, 'rank': 27, 'timestp': '2024-06-28T00:00:00.000Z'}, {'plays': None, 'rank': 26, 'timestp': '2024-06-29T00:00:00.000Z'}, {'plays': None, 'rank': 26, 'timestp': '2024-06-30T00:00:00.000Z'}, {'plays': None, 'rank': 28, 'timestp': '2024-07-01T00:00:00.000Z'}]"
118929561,You Proof,USUG12203266,5W4kiM2cUYBJXKRudNyxjW,6i7mF7whyRJuLJ4ogbH2wh,https://i.scdn.co/image/ab67616d0000b273c4680d109471da6809bbc79f,84,82292473,['Morgan Wallen'],"contemporary country,country road,deep talent show",[212715],['Morgan Wallen'],['US'],['https://i.scdn.co/image/ab6761610000e5ebcdb9694bfa4a026ee19426ae'],[None],['4oUHIQIBe0LHzYfvXNW4QM'],['5W4kiM2cUYBJXKRudNyxjW'],['6i7mF7whyRJuLJ4ogbH2wh'],157477,[21462217],['You Proof'],['602445957255'],['Mercury Records / Republic Records'],['2023-03-03'],"Morgan Wallen, Ashley Gorley, Ernest Keith Smith","[{'id': 21462217, 'label': 'Mercury Records / Republic Records', 'name': 'You Proof', 'release_date': '2022-05-13', 'upc': '602445957255'}]",157477,False,0.076311919735,"['Morgan Wallen', 'Ashley Gorley', 'Ernest Keith Smith']","[{'career_stage': 'superstar', 'code2': 'US', 'id': 212715, 'name': 'Morgan Wallen', 'image_url': 'https://i.scdn.co/image/ab6761610000e5ebcdb9694bfa4a026ee19426ae'}]",29,2024-07-01T00:00:00.000Z,daily,regional,REGIONAL DAILY,,US,118929561,-0.42857142857142855,29,7,2023-03-27T00:00:00.000Z,357,"[{'plays': None, 'rank': 26, 'timestp': '2024-06-24T00:00:00.000Z'}, {'plays': None, 'rank': 29, 'timestp': '2024-06-25T00:00:00.000Z'}, {'plays': None, 'rank': 34, 'timestp': '2024-06-26T00:00:00.000Z'}, {'plays': None, 'rank': 37, 'timestp': '2024-06-27T00:00:00.000Z'}, {'plays': None, 'rank': 33, 'timestp': '2024-06-28T00:00:00.000Z'}, {'plays': None, 'rank': 29, 'timestp': '2024-06-29T00:00:00.000Z'}, {'plays': None, 'rank': 29, 'timestp': '2024-06-30T00:00:00.000Z'}, {'plays': None, 'rank': 29, 'timestp': '2024-07-01T00:00:00.000Z'}]"
102347610,Something in the Orange,USWB12201213,3WMj8moIAXJhHsyLaqIIHI,1CmTOKCeyz1aHH04OwvTPv,https://i.scdn.co/image/ab67616d0000b2736201499bb10afffd27a826e3,87,79911496,['Zach Bryan'],"oklahoma country,red dirt",[1705209],['Zach Bryan'],['US'],['https://i.scdn.co/image/ab6761610000e5eb4fd54df35bfcfa0fc9fc2da7'],[None],['40ZNYROS4zLfyyBSs2PGe2'],['3WMj8moIAXJhHsyLaqIIHI'],['1CmTOKCeyz1aHH04OwvTPv'],228013,[20726487],['Something in the Orange'],['054391902009'],['Warner Records'],['2022-04-22'],Zachary Lane Bryan,"[{'id': 20726487, 'label': 'Warner Records', 'name': 'Something in the Orange', 'release_date': '2022-04-22', 'upc': '054391902009'}]",228013,False,0.072642124035,['Zachary Lane Bryan'],"[{'career_stage': 'superstar', 'code2': 'US', 'id': 1705209, 'name': 'Zach Bryan', 'image_url': 'https://i.scdn.co/image/ab676161000051744fd54df35bfcfa0fc9fc2da7'}]",30,2024-07-01T00:00:00.000Z,daily,regional,REGIONAL DAILY,,US,102347610,0.2857142857142857,31,4,2022-10-16T00:00:00.000Z,767,"[{'plays': None, 'rank': 32, 'timestp': '2024-06-24T00:00:00.000Z'}, {'plays': None, 'rank': 42, 'timestp': '2024-06-25T00:00:00.000Z'}, {'plays': None, 'rank': 42, 'timestp': '2024-06-26T00:00:00.000Z'}, {'plays': None, 'rank': 39, 'timestp': '2024-06-27T00:00:00.000Z'}, {'plays': None, 'rank': 35, 'timestp': '2024-06-28T00:00:00.000Z'}, {'plays': None, 'rank': 31, 'timestp': '2024-06-29T00:00:00.000Z'}, {'plays': None, 'rank': 31, 'timestp': '2024-06-30T00:00:00.000Z'}, {'plays': None, 'rank': 30, 'timestp': '2024-07-01T00:00:00.000Z'}]"
142984951,you look like you love me (feat. Riley Green),USSM12401853,0y5Ex8oQ8zCH5TQxHUy1Eo,69iNwop7x6VMhFMLEEtY1j,https://i.scdn.co/image/ab67616d0000b27398ec50a022a61a0286f0be1c,82,123211583,"['Ella Langley', 'Riley Green']","contemporary country,country road,modern country rock","[1093307, 157812]","['Ella Langley', 'Riley Green']","['US', 'US']","['https://i.scdn.co/image/ab6761610000e5eb72f6aec99524045fbfd77598', 'https://i.scdn.co/image/ab6761610000e5eb9046715ec7bc517a30b02d56']","[None, None]","['6BRxQ8cD3eqnrVj6WKDok8', '2QMsj4XJ7ne2hojxt6v5eb']",['0y5Ex8oQ8zCH5TQxHUy1Eo'],['69iNwop7x6VMhFMLEEtY1j'],224280,[36432116],['you look like you love me (feat. Riley Green)'],['196872047745'],['SAWGOD/Columbia'],['2024-06-21'],"Ella Langley, Riley Green, Aaron Ratiere","[{'id': 36432116, 'label': 'SAWGOD/Columbia', 'name': 'you look like you love me (feat. Riley Green)', 'release_date': '2024-06-21', 'upc': '196872047745'}]",224280,False,0.130417523602,"['Ella Langley', 'Riley Green', 'Aaron Ratiere']","[{'career_stage': 'mainstream', 'code2': 'US', 'id': 1093307, 'name': 'Ella Langley', 'image_url': 'https://i.scdn.co/image/ab6761610000e5eb72f6aec99524045fbfd77598'}, {'career_stage': 'mainstream', 'code2': 'US', 'id': 157812, 'name': 'Riley Green', 'image_url': 'https://i.scdn.co/image/ab6761610000e5eb9046715ec7bc517a30b02d56'}]",31,2024-07-01T00:00:00.000Z,daily,regional,REGIONAL DAILY,,US,142984951,,28,22,2024-07-03T00:00:00.000Z,4,"[{'plays': None, 'rank': 40, 'timestp': '2024-06-28T00:00:00.000Z'}, {'plays': None, 'rank': 28, 'timestp': '2024-06-29T00:00:00.000Z'}, {'plays': None, 'rank': 28, 'timestp': '2024-06-30T00:00:00.000Z'}, {'plays': None, 'rank': 31, 'timestp': '2024-07-01T00:00:00.000Z'}]"
135640502,Gata Only,QZL382406049,6XjDF6nds4DE2BBbagZol6,5tSQtQGkrCJx3hoQxmLgfM,https://i.scdn.co/image/ab67616d0000b2731d0777b3259d0bd618f4a1f6,96,116421728,"['FloyyMenor', 'Cris Mj']",,"[10076252, 3626425]","['FloyyMenor', 'Cris Mj']","['CL', 'CL']","['https://i.scdn.co/image/ab6761610000e5ebe52a745f7f5870dcc32c5046', 'https://i.scdn.co/image/ab6761610000e5eb8ec5f4d4241631f8593f52c1']","[None, None]","['7CvTknweLr9feJtRGrpDBy', '1Yj5Xey7kTwvZla8sqdsdE']",['6XjDF6nds4DE2BBbagZol6'],['5tSQtQGkrCJx3hoQxmLgfM'],222000,[33239668],['Gata Only'],['198309012715'],['FloyyMenor under exclusive license to UnitedMasters LLC'],['2024-02-02'],,"[{'id': 33239668, 'label': 'FloyyMenor under exclusive license to UnitedMasters LLC', 'name': 'Gata Only', 'release_date': '2024-02-02', 'upc': '198309012715'}]",222000,True,0.362782192513,,"[{'career_stage': 'mainstream', 'code2': 'CL', 'id': 10076252, 'name': 'FloyyMenor', 'image_url': 'https://i.scdn.co/image/ab6761610000e5ebe52a745f7f5870dcc32c5046'}, {'career_stage': 'superstar', 'code2': 'CL', 'id': 3626425, 'name': 'Cris Mj', 'image_url': 'https://i.scdn.co/image/ab6761610000e5eb8ec5f4d4241631f8593f52c1'}]",32,2024-07-01T00:00:00.000Z,daily,regional,REGIONAL DAILY,,US,135640502,-0.7142857142857143,30,13,2024-04-14T00:00:00.000Z,88,"[{'plays': None, 'rank': 27, 'timestp': '2024-06-24T00:00:00.000Z'}, {'plays': None, 'rank': 31, 'timestp': '2024-06-25T00:00:00.000Z'}, {'plays': None, 'rank': 33, 'timestp': '2024-06-26T00:00:00.000Z'}, {'plays': None, 'rank': 30, 'timestp': '2024-06-27T00:00:00.000Z'}, {'plays': None, 'rank': 32, 'timestp': '2024-06-28T00:00:00.000Z'}, {'plays': None, 'rank': 30, 'timestp': '2024-06-29T00:00:00.000Z'}, {'plays': None, 'rank': 30, 'timestp': '2024-06-30T00:00:00.000Z'}, {'plays': None, 'rank': 32, 'timestp': '2024-07-01T00:00:00.000Z'}]"
24240065,Heading South,TCAEL1937212,2Dct3GykKZ58hpWRFfe2Qd,3Ca58JR3vDDMl5i8QKkWzP,https://i.scdn.co/image/c2257bdd808534db4946792274bf39c17de4b9f0,85,25577324,['Zach Bryan'],"oklahoma country,red dirt",[1705209],['Zach Bryan'],['US'],['https://i.scdn.co/image/ab6761610000e5eb4fd54df35bfcfa0fc9fc2da7'],[None],['40ZNYROS4zLfyyBSs2PGe2'],['2Dct3GykKZ58hpWRFfe2Qd'],['3Ca58JR3vDDMl5i8QKkWzP'],171692,[7103302],['Heading South'],['054391926623'],['Warner Records'],['2019-09-30'],,"[{'id': 7103302, 'label': 'Warner Records', 'name': 'Heading South', 'release_date': '2019-09-30', 'upc': '054391926623'}]",171692,True,0.016777194121,,"[{'career_stage': 'superstar', 'code2': 'US', 'id': 1705209, 'name': 'Zach Bryan', 'image_url': 'https://i.scdn.co/image/ab676161000051744fd54df35bfcfa0fc9fc2da7'}]",33,2024-07-01T00:00:00.000Z,daily,regional,REGIONAL DAILY,,US,24240065,0.14285714285714285,33,29,2024-07-04T00:00:00.000Z,97,"[{'plays': None, 'rank': 34, 'timestp': '2024-06-24T00:00:00.000Z'}, {'plays': None, 'rank': 38, 'timestp': '2024-06-25T00:00:00.000Z'}, {'plays': None, 'rank': 39, 'timestp': '2024-06-26T00:00:00.000Z'}, {'plays': None, 'rank': 32, 'timestp': '2024-06-27T00:00:00.000Z'}, {'plays': None, 'rank': 38, 'timestp': '2024-06-28T00:00:00.000Z'}, {'plays': None, 'rank': 33, 'timestp': '2024-06-29T00:00:00.000Z'}, {'plays': None, 'rank': 33, 'timestp': '2024-06-30T00:00:00.000Z'}, {'plays': None, 'rank': 33, 'timestp': '2024-07-01T00:00:00.000Z'}]"
6860166,See You Again (feat. Kali Uchis),USQX91701275,7KA4W4McWYRpgf0fWsJZWB,2nkto6YNI4rUYTLqEwWJ3o,https://i.scdn.co/image/ab67616d0000b2738940ac99f49e44f59e6f7fb3,89,15622396,"['Tyler, The Creator', 'Kali Uchis']","hip hop,pop rap,rap,colombian pop,pop","[2498, 99202]","['Tyler, The Creator', 'Kali Uchis']","['US', 'US']","['https://i.scdn.co/image/ab6761610000e5eb8278b782cbb5a3963db88ada', 'https://i.scdn.co/image/ab6761610000e5eb51dfdac248da65a860963b68']","[None, None]","['4V8LLVI7PbaPR0K2TGSxFF', '1U1el3k54VvEUzo3ybLPlM']",['7KA4W4McWYRpgf0fWsJZWB'],['2nkto6YNI4rUYTLqEwWJ3o'],180386,[1326101],['Flower Boy'],['886446626635'],['Columbia'],['2017-07-21'],Tyler Gregory Okonma,"[{'id': 1326101, 'label': 'Columbia', 'name': 'Flower Boy', 'release_date': '2017-07-21', 'upc': '886446626635'}]",180386,True,0.037298238069,['Tyler Gregory Okonma'],"[{'career_stage': 'superstar', 'code2': 'US', 'id': 2498, 'name': 'Tyler, The Creator', 'image_url': 'https://i.scdn.co/image/ab6761610000e5eb8278b782cbb5a3963db88ada'}, {'career_stage': 'superstar', 'code2': 'US', 'id': 99202, 'name': 'Kali Uchis', 'image_url': 'https://i.scdn.co/image/ab6761610000e5eb51dfdac248da65a860963b68'}]",34,2024-07-01T00:00:00.000Z,daily,regional,REGIONAL DAILY,,US,6860166,0.8571428571428571,45,3,2023-05-15T00:00:00.000Z,696,"[{'plays': None, 'rank': 40, 'timestp': '2024-06-24T00:00:00.000Z'}, {'plays': None, 'rank': 40, 'timestp': '2024-06-25T00:00:00.000Z'}, {'plays': None, 'rank': 45, 'timestp': '2024-06-26T00:00:00.000Z'}, {'plays': None, 'rank': 42, 'timestp': '2024-06-27T00:00:00.000Z'}, {'plays': None, 'rank': 42, 'timestp': '2024-06-28T00:00:00.000Z'}, {'plays': None, 'rank': 45, 'timestp': '2024-06-29T00:00:00.000Z'}, {'plays': None, 'rank': 45, 'timestp': '2024-06-30T00:00:00.000Z'}, {'plays': None, 'rank': 34, 'timestp': '2024-07-01T00:00:00.000Z'}]"
137582542,I Can Do It With a Broken Heart,USUG12401040,4q5YezDOIPcoLr8R81x9qy,1Mo4aZ8pdj6L1jx8zSwJnt,https://i.scdn.co/image/ab67616d0000b2738ecc33f195df6aa257c39eaa,88,119302722,['Taylor Swift'],pop,[2762],['Taylor Swift'],['US'],['https://i.scdn.co/image/ab6761610000e5ebe672b5f553298dcdccb0e676'],[None],['06HL4z0CvFAxyc27GXpf02'],['4q5YezDOIPcoLr8R81x9qy'],['1Mo4aZ8pdj6L1jx8zSwJnt'],218004,[34754306],['THE TORTURED POETS DEPARTMENT'],['602465599800'],['Taylor Swift'],['2024-04-18'],Jack Antonoff,"[{'id': 34754306, 'label': 'Taylor Swift', 'name': 'THE TORTURED POETS DEPARTMENT', 'release_date': '2024-04-18', 'upc': '602465599800'}]",218004,True,0.095258644894,['Jack Antonoff'],"[{'career_stage': 'superstar', 'code2': 'US', 'id': 2762, 'name': 'Taylor Swift', 'image_url': 'https://share.chartmetric.com/artists/299/172/11172299/11172299-profile.webp'}]",35,2024-07-01T00:00:00.000Z,daily,regional,REGIONAL DAILY,,US,137582542,-0.8571428571428571,32,3,2024-04-21T00:00:00.000Z,73,"[{'plays': None, 'rank': 29, 'timestp': '2024-06-24T00:00:00.000Z'}, {'plays': None, 'rank': 24, 'timestp': '2024-06-25T00:00:00.000Z'}, {'plays': None, 'rank': 25, 'timestp': '2024-06-26T00:00:00.000Z'}, {'plays': None, 'rank': 26, 'timestp': '2024-06-27T00:00:00.000Z'}, {'plays': None, 'rank': 25, 'timestp': '2024-06-28T00:00:00.000Z'}, {'plays': None, 'rank': 32, 'timestp': '2024-06-29T00:00:00.000Z'}, {'plays': None, 'rank': 32, 'timestp': '2024-06-30T00:00:00.000Z'}, {'plays': None, 'rank': 35, 'timestp': '2024-07-01T00:00:00.000Z'}]"
138482795,CHIHIRO,USUM72401988,7BRD7x5pt8Lqa1eGYC4dzj,7aJuG4TFXa2hmE4z1yxc3n,https://i.scdn.co/image/ab67616d0000b27371d62ea7ea8a5be92d3c1f62,93,120637277,['Billie Eilish'],"electropop,pop",[5596],['Billie Eilish'],['US'],['https://i.scdn.co/image/ab6761610000e5eb4a21b4760d2ecb7b0dcdc8da'],['https://i.scdn.co/image/4eb05245a5cdc72e864a39f7a7a8432959d66dab'],['6qqNVTkY8uBg9cP3Jd7DAH'],['7BRD7x5pt8Lqa1eGYC4dzj'],['7aJuG4TFXa2hmE4z1yxc3n'],303440,[35329855],['HIT ME HARD AND SOFT'],['602465630909'],['Darkroom/Interscope Records'],['2024-05-17'],,"[{'id': 35329855, 'label': 'Darkroom/Interscope Records', 'name': 'HIT ME HARD AND SOFT', 'release_date': '2024-05-17', 'upc': '602465630909'}]",303440,False,0.172315734567,,"[{'career_stage': 'superstar', 'code2': 'US', 'id': 5596, 'name': 'Billie Eilish', 'image_url': 'https://i.scdn.co/image/ab67616100005174d8b9980db67272cb4d2c3daf'}]",36,2024-07-01T00:00:00.000Z,daily,regional,REGIONAL DAILY,,US,138482795,-0.8571428571428571,36,7,2024-05-18T00:00:00.000Z,45,"[{'plays': None, 'rank': 30, 'timestp': '2024-06-24T00:00:00.000Z'}, {'plays': None, 'rank': 27, 'timestp': '2024-06-25T00:00:00.000Z'}, {'plays': None, 'rank': 26, 'timestp': '2024-06-26T00:00:00.000Z'}, {'plays': None, 'rank': 27, 'timestp': '2024-06-27T00:00:00.000Z'}, {'plays': None, 'rank': 30, 'timestp': '2024-06-28T00:00:00.000Z'}, {'plays': None, 'rank': 36, 'timestp': '2024-06-29T00:00:00.000Z'}, {'plays': None, 'rank': 36, 'timestp': '2024-06-30T00:00:00.000Z'}, {'plays': None, 'rank': 36, 'timestp': '2024-07-01T00:00:00.000Z'}]"
118929268,Thinkin Bout Me,USUG12300821,0PAcdVzhPO4gq1Iym9ESnK,6i7mF7whyRJuLJ4ogbH2wh,https://is3-ssl.mzstatic.com/image/thumb/Music123/v4/86/cc/00/86cc001c-2efc-9ebb-8290-17f4f3ba3e4a/23UMGIM08087.rgb.jpg/160x160bb.jpg,85,99993038,['Morgan Wallen'],"contemporary country,country road,deep talent show",[212715],['Morgan Wallen'],['US'],['https://i.scdn.co/image/ab6761610000e5ebcdb9694bfa4a026ee19426ae'],[None],['4oUHIQIBe0LHzYfvXNW4QM'],['0PAcdVzhPO4gq1Iym9ESnK'],['6i7mF7whyRJuLJ4ogbH2wh'],177387,[26371181],['One Thing At A Time'],['602455241344'],['Big Loud Records / Mercury Records / Republic Records'],['2023-03-03'],"John Byron, Ashley Gorley, Taylor Phillips","[{'id': 26371181, 'label': 'Big Loud Records / Mercury Records / Republic Records', 'name': 'One Thing At A Time', 'release_date': '2023-03-03', 'upc': '602455241344'}]",177387,False,0.090026429309,"['John Byron', 'Ashley Gorley', 'Taylor Phillips']","[{'career_stage': 'superstar', 'code2': 'US', 'id': 212715, 'name': 'Morgan Wallen', 'image_url': 'https://i.scdn.co/image/ab6761610000e5ebcdb9694bfa4a026ee19426ae'}]",37,2024-07-01T00:00:00.000Z,daily,regional,REGIONAL DAILY,,US,118929268,-0.2857142857142857,34,7,2023-03-06T00:00:00.000Z,361,"[{'plays': None, 'rank': 35, 'timestp': '2024-06-24T00:00:00.000Z'}, {'plays': None, 'rank': 45, 'timestp': '2024-06-25T00:00:00.000Z'}, {'plays': None, 'rank': 47, 'timestp': '2024-06-26T00:00:00.000Z'}, {'plays': None, 'rank': 47, 'timestp': '2024-06-27T00:00:00.000Z'}, {'plays': None, 'rank': 47, 'timestp': '2024-06-28T00:00:00.000Z'}, {'plays': None, 'rank': 34, 'timestp': '2024-06-29T00:00:00.000Z'}, {'plays': None, 'rank': 34, 'timestp': '2024-06-30T00:00:00.000Z'}, {'plays': None, 'rank': 37, 'timestp': '2024-07-01T00:00:00.000Z'}]"
119358113,Feather,USUM72301876,2Zo1PcszsT9WQ0ANntJbID,2g4aJTa5ejGpp0O0GKzWAQ,https://i.scdn.co/image/ab67616d0000b2730f45623be014a592a5815827,89,100325371,['Sabrina Carpenter'],"dance pop,electropop,pop,post-teen pop,viral pop",[4550],['Sabrina Carpenter'],['US'],['https://i.scdn.co/image/ab6761610000e5ebe053b8338322b9c8609ee7ae'],[None],['74KM79TiuVKeVCqs8QtB0B'],['2Zo1PcszsT9WQ0ANntJbID'],['2g4aJTa5ejGpp0O0GKzWAQ'],185552,[26506813],['emails i cant send fwd: (SD)'],['602448990532'],['Island Records'],['2023-03-17'],"Sabrina Carpenter, John Ryan, Amy Allen","[{'id': 26506813, 'label': 'Island Records', 'name': 'emails i cant send fwd: (SD)', 'release_date': '2023-03-17', 'upc': '602448990532'}]",185552,True,0.064732597404,"['Sabrina Carpenter', 'John Ryan', 'Amy Allen']","[{'career_stage': 'superstar', 'code2': 'US', 'id': 4550, 'name': 'Sabrina Carpenter', 'image_url': 'https://i.scdn.co/image/ab6761610000e5ebe053b8338322b9c8609ee7ae'}]",38,2024-07-01T00:00:00.000Z,daily,regional,REGIONAL DAILY,,US,119358113,-1.4285714285714286,35,19,2024-01-22T00:00:00.000Z,121,"[{'plays': None, 'rank': 28, 'timestp': '2024-06-24T00:00:00.000Z'}, {'plays': None, 'rank': 32, 'timestp': '2024-06-25T00:00:00.000Z'}, {'plays': None, 'rank': 28, 'timestp': '2024-06-26T00:00:00.000Z'}, {'plays': None, 'rank': 25, 'timestp': '2024-06-27T00:00:00.000Z'}, {'plays': None, 'rank': 28, 'timestp': '2024-06-28T00:00:00.000Z'}, {'plays': None, 'rank': 35, 'timestp': '2024-06-29T00:00:00.000Z'}, {'plays': None, 'rank': 35, 'timestp': '2024-06-30T00:00:00.000Z'}, {'plays': None, 'rank': 38, 'timestp': '2024-07-01T00:00:00.000Z'}]"
13751644,Cruel Summer,USUG11901472,1BxfuPKGuaTgP7aM0Bbdwr,1NAmidJlEaVgA3MpcPFYGq,https://i.scdn.co/image/ab67616d0000b273e787cffec20aa2a396a61647,92,24951284,['Taylor Swift'],pop,[2762],['Taylor Swift'],['US'],['https://i.scdn.co/image/ab6761610000e5ebe672b5f553298dcdccb0e676'],[None],['06HL4z0CvFAxyc27GXpf02'],['1BxfuPKGuaTgP7aM0Bbdwr'],['1NAmidJlEaVgA3MpcPFYGq'],178426,[4735605],['Lover'],['602508009211'],['Taylor Swift'],['2019-08-23'],"Jack Antonoff, Annie Clark","[{'id': 4735605, 'label': 'Taylor Swift', 'name': 'Lover', 'release_date': '2019-08-23', 'upc': '602508009211'}]",178426,False,0.076667528212,"['Jack Antonoff', 'Annie Clark']","[{'career_stage': 'superstar', 'code2': 'US', 'id': 2762, 'name': 'Taylor Swift', 'image_url': 'https://share.chartmetric.com/artists/299/172/11172299/11172299-profile.webp'}]",39,2024-07-01T00:00:00.000Z,daily,regional,REGIONAL DAILY,,US,13751644,-0.14285714285714285,37,1,2023-08-14T00:00:00.000Z,456,"[{'plays': None, 'rank': 38, 'timestp': '2024-06-24T00:00:00.000Z'}, {'plays': None, 'rank': 36, 'timestp': '2024-06-25T00:00:00.000Z'}, {'plays': None, 'rank': 38, 'timestp': '2024-06-26T00:00:00.000Z'}, {'plays': None, 'rank': 46, 'timestp': '2024-06-27T00:00:00.000Z'}, {'plays': None, 'rank': 34, 'timestp': '2024-06-28T00:00:00.000Z'}, {'plays': None, 'rank': 37, 'timestp': '2024-06-29T00:00:00.000Z'}, {'plays': None, 'rank': 37, 'timestp': '2024-06-30T00:00:00.000Z'}, {'plays': None, 'rank': 39, 'timestp': '2024-07-01T00:00:00.000Z'}]"
136609214,i like the way you kiss me,QZJ842400387,2GxrNKugF82CnoRFbQfzPf,5HIWDdg3g9CTOtnevKDl1z,https://i.scdn.co/image/ab67616d0000b273e67611dbbf69a90d0b6cb738,95,117566509,['Artemas'],,[1452714],['Artemas'],['GB'],['https://i.scdn.co/image/ab6761610000e5eb597f1c8c92c4a82734e3af43'],[None],['0PCCGZ0wGLizHt2KZ7hhA2'],['2GxrNKugF82CnoRFbQfzPf'],['5HIWDdg3g9CTOtnevKDl1z'],142514,[33854468],['I like the way you kiss me'],['810129998306'],['Artemas'],['2024-03-19'],"Artemas Diamandis, Jesse Fink, Kevin White","[{'id': 33854468, 'label': 'Artemas', 'name': 'I like the way you kiss me', 'release_date': '2024-03-19', 'upc': '810129998306'}]",142514,False,0.497395909622,"['Artemas Diamandis', 'Jesse Fink', 'Kevin White']","[{'career_stage': 'mainstream', 'code2': 'GB', 'id': 1452714, 'name': 'Artemas', 'image_url': 'https://i.scdn.co/image/ab67616100005174be0f1c148971eae0435b7942'}]",40,2024-07-01T00:00:00.000Z,daily,regional,REGIONAL DAILY,,US,136609214,-0.5714285714285714,41,3,2024-04-02T00:00:00.000Z,98,"[{'plays': None, 'rank': 36, 'timestp': '2024-06-24T00:00:00.000Z'}, {'plays': None, 'rank': 41, 'timestp': '2024-06-25T00:00:00.000Z'}, {'plays': None, 'rank': 36, 'timestp': '2024-06-26T00:00:00.000Z'}, {'plays': None, 'rank': 41, 'timestp': '2024-06-27T00:00:00.000Z'}, {'plays': None, 'rank': 44, 'timestp': '2024-06-28T00:00:00.000Z'}, {'plays': None, 'rank': 41, 'timestp': '2024-06-29T00:00:00.000Z'}, {'plays': None, 'rank': 41, 'timestp': '2024-06-30T00:00:00.000Z'}, {'plays': None, 'rank': 40, 'timestp': '2024-07-01T00:00:00.000Z'}]"
140895962,High Road (feat. Jessie Murph),USQX92401733,73KAidtqbDftZjy8AD0H04,62NSHNGNQC2hXZKNuvF6pi,https://i.scdn.co/image/ab67616d0000b2732c44d76ea64d1b5876b44eb3,83,122318564,"['Koe Wetzel', 'Jessie Murph']",texas country,"[98842, 4184989]","['Koe Wetzel', 'Jessie Murph']","['US', 'US']","['https://i.scdn.co/image/ab6761610000e5ebef63196a4cdfd5a8fca36ff0', 'https://i.scdn.co/image/ab6761610000e5eb7700f9e2fad4e7b78f762a64']","[None, None]","['1Tie3AZgLQZqYEp8Fv4zOZ', '2yLzlEFtIS0Q9UkyBZdQA7']",['73KAidtqbDftZjy8AD0H04'],['62NSHNGNQC2hXZKNuvF6pi'],179413,[36041726],['High Road (feat. Jessie Murph)'],['196872190960'],['Columbia'],['2024-06-07'],,"[{'id': 36041726, 'label': 'Columbia', 'name': 'High Road (feat. Jessie Murph)', 'release_date': '2024-06-07', 'upc': '196872190960'}]",179413,True,0.054134825167,,"[{'career_stage': 'mainstream', 'code2': 'US', 'id': 98842, 'name': 'Koe Wetzel', 'image_url': 'https://i.scdn.co/image/ab6761610000e5ebef63196a4cdfd5a8fca36ff0'}, {'career_stage': 'superstar', 'code2': 'US', 'id': 4184989, 'name': 'Jessie Murph', 'image_url': 'https://i.scdn.co/image/ab6761610000e5eb7700f9e2fad4e7b78f762a64'}]",41,2024-07-01T00:00:00.000Z,daily,regional,REGIONAL DAILY,,US,140895962,-1.4285714285714286,38,17,2024-06-15T00:00:00.000Z,23,"[{'plays': None, 'rank': 31, 'timestp': '2024-06-24T00:00:00.000Z'}, {'plays': None, 'rank': 30, 'timestp': '2024-06-25T00:00:00.000Z'}, {'plays': None, 'rank': 31, 'timestp': '2024-06-26T00:00:00.000Z'}, {'plays': None, 'rank': 31, 'timestp': '2024-06-27T00:00:00.000Z'}, {'plays': None, 'rank': 31, 'timestp': '2024-06-28T00:00:00.000Z'}, {'plays': None, 'rank': 38, 'timestp': '2024-06-29T00:00:00.000Z'}, {'plays': None, 'rank': 38, 'timestp': '2024-06-30T00:00:00.000Z'}, {'plays': None, 'rank': 41, 'timestp': '2024-07-01T00:00:00.000Z'}]"
5030,Sweater Weather,USSM11300080,2QjOHCTQ1Jl3zawyYOpxh6,4xkM0BwLM9H2IUcbYzpcBI,https://i.scdn.co/image/7935dcdc6d5f0e917740fbfd88cb08e8089650d9,90,15790443,['The Neighbourhood'],"electropop,modern alternative rock,modern rock,pop",[4298],['The Neighbourhood'],['US'],['https://i.scdn.co/image/ab6761610000e5ebdf0b5ac84376a0a4b2166816'],[None],['77SW9BnxLY8rJ0RciFqkHh'],['2QjOHCTQ1Jl3zawyYOpxh6'],['4xkM0BwLM9H2IUcbYzpcBI'],240400,[1764092],"[""I'm Sorry...""]",['886443834002'],['the [r]evolve group'],['2013-04-19'],"Jesse J Rutherford, Zach Shane Abels, Jeremy Allen Freedman","[{'id': 1764092, 'label': 'the [r]evolve group', 'name': ""I'm Sorry..."", 'release_date': '2012-01-01', 'upc': '886443834002'}]",240400,False,0.057984022787,"['Jesse J Rutherford', 'Zach Shane Abels', 'Jeremy Allen Freedman']","[{'career_stage': 'superstar', 'code2': 'US', 'id': 4298, 'name': 'The Neighbourhood', 'image_url': 'https://i.scdn.co/image/ab6761610000e5ebdf0b5ac84376a0a4b2166816'}]",42,2024-07-01T00:00:00.000Z,daily,regional,REGIONAL DAILY,,US,5030,,50,12,2022-10-09T00:00:00.000Z,984,"[{'plays': None, 'rank': 42, 'timestp': '2024-07-01T00:00:00.000Z'}]"
119572692,Where the Wild Things Are,US6XF2200441,0eBFgRxyVSeuT4iyrbukdn,5Uly85dJHHDfHQCsyUQ8gw,https://i.scdn.co/image/ab67616d0000b273ca650d3a95022e0490434ba1,84,100482123,['Luke Combs'],"contemporary country,country road",[207759],['Luke Combs'],['US'],['https://i.scdn.co/image/ab6761610000e5ebbd634295d99c61823c517c3f'],[None],['718COspgdWOnwOFpJHRZHS'],['0eBFgRxyVSeuT4iyrbukdn'],['5Uly85dJHHDfHQCsyUQ8gw'],239533,[25977892],"[""Gettin' Old""]",['196589485991'],['River House Artists/Columbia Nashville'],['2023-03-24'],"Randy Montana, Dave Turnbull","[{'id': 25977892, 'label': 'River House Artists/Columbia Nashville', 'name': ""Gettin' Old"", 'release_date': '2023-03-24', 'upc': '196589485991'}]",239533,False,0.038655209938,"['Randy Montana', 'Dave Turnbull']","[{'career_stage': 'superstar', 'code2': 'US', 'id': 207759, 'name': 'Luke Combs', 'image_url': 'https://i.scdn.co/image/ab6761610000e5ebbd634295d99c61823c517c3f'}]",43,2024-07-01T00:00:00.000Z,daily,regional,REGIONAL DAILY,,US,119572692,,43,34,2024-04-15T00:00:00.000Z,39,"[{'plays': None, 'rank': 43, 'timestp': '2024-06-29T00:00:00.000Z'}, {'plays': None, 'rank': 43, 'timestp': '2024-06-30T00:00:00.000Z'}, {'plays': None, 'rank': 43, 'timestp': '2024-07-01T00:00:00.000Z'}]"
138330541,Stargazing,GBARL2400510,3Vr3zh0r7ALn8VLqCiRR10,3VNxRarx9HUI5w7DHv0TBj,https://i.scdn.co/image/ab67616d0000b27381b12e1a0584e8ea7ba2ae4a,93,120378294,['Myles Smith'],,[667227],['Myles Smith'],['GB'],['https://i.scdn.co/image/ab6761610000e5eb4ba4b52faef3fc16db9ecb14'],[None],['3bO19AOone0ubCsfDXDtYt'],['3Vr3zh0r7ALn8VLqCiRR10'],['3VNxRarx9HUI5w7DHv0TBj'],172533,[35215936],['Stargazing'],['196872051872'],['RCA Records Label'],['2024-05-10'],"Peter Fenn, Jesse Fink","[{'id': 35215936, 'label': 'RCA Records Label', 'name': 'Stargazing', 'release_date': '2024-05-10', 'upc': '196872051872'}]",172533,False,0.15348922792,"['Peter Fenn', 'Jesse Fink']","[{'career_stage': 'mainstream', 'code2': 'GB', 'id': 667227, 'name': 'Myles Smith', 'image_url': 'https://i.scdn.co/image/ab6761610000e5eb4ba4b52faef3fc16db9ecb14'}]",44,2024-07-01T00:00:00.000Z,daily,regional,REGIONAL DAILY,,US,138330541,0.0,39,23,2024-06-04T00:00:00.000Z,40,"[{'plays': None, 'rank': 44, 'timestp': '2024-06-24T00:00:00.000Z'}, {'plays': None, 'rank': 37, 'timestp': '2024-06-25T00:00:00.000Z'}, {'plays': None, 'rank': 37, 'timestp': '2024-06-26T00:00:00.000Z'}, {'plays': None, 'rank': 35, 'timestp': '2024-06-27T00:00:00.000Z'}, {'plays': None, 'rank': 36, 'timestp': '2024-06-28T00:00:00.000Z'}, {'plays': None, 'rank': 39, 'timestp': '2024-06-29T00:00:00.000Z'}, {'plays': None, 'rank': 39, 'timestp': '2024-06-30T00:00:00.000Z'}, {'plays': None, 'rank': 44, 'timestp': '2024-07-01T00:00:00.000Z'}]"
113044276,End of Beginning,GBKPL2205058,3qhlB30KknSejmIvZZLjOD,4JDXBZdRPId4devseaAOKH,https://i.scdn.co/image/ab67616d0000b273fddfffec51b4580acae727c1,93,92050390,['Djo'],,[1689225],['Djo'],['US'],['https://i.scdn.co/image/ab6761610000e5eb02fcc327683d53bea9583c69'],[None],['5p9HO3XC5P3BLxJs5Mtrhm'],['3qhlB30KknSejmIvZZLjOD'],['4JDXBZdRPId4devseaAOKH'],159245,[22593217],['DECIDE'],['5056494917336'],['Djo'],['2022-09-16'],Joe Keery,"[{'id': 22593217, 'label': 'Djo', 'name': 'DECIDE', 'release_date': '2022-09-16', 'upc': '5056494917336'}]",159245,False,0.060690260342,['Joe Keery'],"[{'career_stage': 'mainstream', 'code2': 'US', 'id': 1689225, 'name': 'Djo', 'image_url': 'https://i.scdn.co/image/ab6761610000e5eb02fcc327683d53bea9583c69'}]",45,2024-07-01T00:00:00.000Z,daily,regional,REGIONAL DAILY,,US,113044276,-0.2857142857142857,42,3,2024-03-05T00:00:00.000Z,133,"[{'plays': None, 'rank': 43, 'timestp': '2024-06-24T00:00:00.000Z'}, {'plays': None, 'rank': 39, 'timestp': '2024-06-25T00:00:00.000Z'}, {'plays': None, 'rank': 41, 'timestp': '2024-06-26T00:00:00.000Z'}, {'plays': None, 'rank': 43, 'timestp': '2024-06-27T00:00:00.000Z'}, {'plays': None, 'rank': 46, 'timestp': '2024-06-28T00:00:00.000Z'}, {'plays': None, 'rank': 42, 'timestp': '2024-06-29T00:00:00.000Z'}, {'plays': None, 'rank': 42, 'timestp': '2024-06-30T00:00:00.000Z'}, {'plays': None, 'rank': 45, 'timestp': '2024-07-01T00:00:00.000Z'}]"
138102350,euphoria,USUG12402839,77DRzu7ERs0TX3roZcre7Q,32bR4LcEc1PvJEhaKoo4ZN,https://i.scdn.co/image/ab67616d0000b2737587213b1be294ac4000f648,88,119990297,['Kendrick Lamar'],"conscious hip hop,hip hop,pop rap,rap,west coast rap",[3768],['Kendrick Lamar'],['US'],['https://i.scdn.co/image/ab6761610000e5eb437b9e2a82505b3d93ff1022'],['https://i.scdn.co/image/224a09b6da91299e7ae699256ac3faa41a701c2f'],['2YZyLoL8N0Wb9xBt1NhZWg'],['77DRzu7ERs0TX3roZcre7Q'],['32bR4LcEc1PvJEhaKoo4ZN'],383639,[35045040],['euphoria'],['602465761474'],['Kendrick Lamar under exclusive license to Interscope Records'],['2024-04-30'],Kendrick Lamar,"[{'id': 35045040, 'label': 'Kendrick Lamar under exclusive license to Interscope Records', 'name': 'euphoria', 'release_date': '2024-04-30', 'upc': '602465761474'}]",383639,True,0.188611642896,['Kendrick Lamar'],"[{'career_stage': 'superstar', 'code2': 'US', 'id': 3768, 'name': 'Kendrick Lamar', 'image_url': 'https://i.scdn.co/image/ab6761610000e5eb437b9e2a82505b3d93ff1022'}]",46,2024-07-01T00:00:00.000Z,daily,regional,REGIONAL DAILY,,US,138102350,-1.8571428571428572,44,1,2024-05-02T00:00:00.000Z,62,"[{'plays': None, 'rank': 33, 'timestp': '2024-06-24T00:00:00.000Z'}, {'plays': None, 'rank': 34, 'timestp': '2024-06-25T00:00:00.000Z'}, {'plays': None, 'rank': 35, 'timestp': '2024-06-26T00:00:00.000Z'}, {'plays': None, 'rank': 33, 'timestp': '2024-06-27T00:00:00.000Z'}, {'plays': None, 'rank': 39, 'timestp': '2024-06-28T00:00:00.000Z'}, {'plays': None, 'rank': 44, 'timestp': '2024-06-29T00:00:00.000Z'}, {'plays': None, 'rank': 44, 'timestp': '2024-06-30T00:00:00.000Z'}, {'plays': None, 'rank': 46, 'timestp': '2024-07-01T00:00:00.000Z'}]"
137053377,Yeah Glo!,USUM72400409,5A8xI7PN4WDe9e61xEdt94,0SW0LplxFID1otCk4bhhHI,https://i.scdn.co/image/ab67616d0000b273fd1ce5c2aeae95f3aa793d26,79,116520330,['GloRilla'],,[4023387],['GloRilla'],['US'],['https://i.scdn.co/image/ab6761610000e5eb48f4784bc593770915aa192b'],[None],['2qoQgPAilErOKCwE2Y8wOG'],['5A8xI7PN4WDe9e61xEdt94'],['0SW0LplxFID1otCk4bhhHI'],142702,[33348265],['Yeah Glo! (Alternate Versions)'],['602465236910'],['CMG/Interscope Records'],['2024-04-05'],"Gloria Woods, Jaucquez Lowe, Julius Rivera Iii, Kevin Andre Price","[{'id': 33348265, 'label': 'CMG/Interscope Records', 'name': 'Yeah Glo! (Alternate Versions)', 'release_date': '2024-02-08', 'upc': '602465236910'}]",142702,True,0.048616416468,"['Gloria Woods', 'Jaucquez Lowe', 'Julius Rivera Iii', 'Kevin Andre Price']","[{'career_stage': 'superstar', 'code2': 'US', 'id': 4023387, 'name': 'GloRilla', 'image_url': 'https://i.scdn.co/image/ab6761610000e5eb48f4784bc593770915aa192b'}]",47,2024-07-01T00:00:00.000Z,daily,regional,REGIONAL DAILY,,US,137053377,-0.2857142857142857,46,32,2024-06-08T00:00:00.000Z,25,"[{'plays': None, 'rank': 45, 'timestp': '2024-06-24T00:00:00.000Z'}, {'plays': None, 'rank': 48, 'timestp': '2024-06-25T00:00:00.000Z'}, {'plays': None, 'rank': 46, 'timestp': '2024-06-29T00:00:00.000Z'}, {'plays': None, 'rank': 46, 'timestp': '2024-06-30T00:00:00.000Z'}, {'plays': None, 'rank': 47, 'timestp': '2024-07-01T00:00:00.000Z'}]"
136350974,we can't be friends (wait for your love),USUM72317276,51ZQ1vr10ffzbwIjDCwqm4,5EYKrEDnKhhcNxGedaRQeK,https://i.scdn.co/image/ab67616d0000b2738b58d20f1b77295730db15b4,90,117073296,['Ariana Grande'],"dance pop,pop,post-teen pop",[3963],['Ariana Grande'],['US'],['https://i.scdn.co/image/ab6761610000e5eb40b5c07ab77b6b1a9075fdc0'],['https://i.scdn.co/image/4599ff6a6b96d54df41e97a484605f0e517ba278'],['66CXWjxzNUsdJxJ2JdwvnR'],['51ZQ1vr10ffzbwIjDCwqm4'],['5EYKrEDnKhhcNxGedaRQeK'],228639,[33633984],['eternal sunshine'],['602465334470'],['Republic Records'],['2024-03-08'],"Ariana Grande, Max Martin, Ilya Salmanzadeh","[{'id': 33633984, 'label': 'Republic Records', 'name': 'eternal sunshine', 'release_date': '2024-03-08', 'upc': '602465334470'}]",228639,False,0.277909680061,"['Ariana Grande', 'Max Martin', 'Ilya Salmanzadeh']","[{'career_stage': 'superstar', 'code2': 'US', 'id': 3963, 'name': 'Ariana Grande', 'image_url': 'https://i.scdn.co/image/ab6761610000e5eb40b5c07ab77b6b1a9075fdc0'}]",48,2024-07-01T00:00:00.000Z,daily,regional,REGIONAL DAILY,,US,136350974,-0.8571428571428571,47,1,2024-03-12T00:00:00.000Z,114,"[{'plays': None, 'rank': 42, 'timestp': '2024-06-24T00:00:00.000Z'}, {'plays': None, 'rank': 43, 'timestp': '2024-06-25T00:00:00.000Z'}, {'plays': None, 'rank': 44, 'timestp': '2024-06-26T00:00:00.000Z'}, {'plays': None, 'rank': 40, 'timestp': '2024-06-27T00:00:00.000Z'}, {'plays': None, 'rank': 41, 'timestp': '2024-06-28T00:00:00.000Z'}, {'plays': None, 'rank': 47, 'timestp': '2024-06-29T00:00:00.000Z'}, {'plays': None, 'rank': 47, 'timestp': '2024-06-30T00:00:00.000Z'}, {'plays': None, 'rank': 48, 'timestp': '2024-07-01T00:00:00.000Z'}]"
106346869,Sun to Me,USWB12201490,1SjsVdSXpwm1kTdYEHoPIT,7IouDrXPdAZwT1NzVV3vef,https://i.scdn.co/image/ab67616d0000b273ba30859a1ca79c5a372d177a,84,83045153,['Zach Bryan'],"oklahoma country,red dirt",[1705209],['Zach Bryan'],['US'],['https://i.scdn.co/image/ab6761610000e5eb4fd54df35bfcfa0fc9fc2da7'],[None],['40ZNYROS4zLfyyBSs2PGe2'],['1SjsVdSXpwm1kTdYEHoPIT'],['7IouDrXPdAZwT1NzVV3vef'],163031,[20734744],['American Heartbreak'],['093624870487'],['Warner Records'],['2022-05-20'],,"[{'id': 20734744, 'label': 'Warner Records', 'name': 'American Heartbreak', 'release_date': '2022-05-20', 'upc': '093624870487'}]",163031,False,0.021685142623,,"[{'career_stage': 'superstar', 'code2': 'US', 'id': 1705209, 'name': 'Zach Bryan', 'image_url': 'https://i.scdn.co/image/ab676161000051744fd54df35bfcfa0fc9fc2da7'}]",49,2024-07-01T00:00:00.000Z,daily,regional,REGIONAL DAILY,,US,106346869,,48,37,2024-07-04T00:00:00.000Z,4,"[{'plays': None, 'rank': 49, 'timestp': '2024-07-01T00:00:00.000Z'}]"
137046631,Slow It Down,USWB12400913,51eSHglvG1RJXtL3qI5trr,168CdR21lfn0TTyw1Pkdcm,https://i.scdn.co/image/ab67616d0000b273cc04ff3e70e146ba9abacf40,89,117709740,['Benson Boone'],,[7623714],['Benson Boone'],['US'],['https://i.scdn.co/image/ab6761610000e5ebb2ce21a89c09c00d80d8ca25'],[None],['22wbnEMDvgVIAGdFeek6ET'],['51eSHglvG1RJXtL3qI5trr'],['168CdR21lfn0TTyw1Pkdcm'],161831,[33918198],['Slow It Down'],['054391287847'],"['Night Street Records, Inc./Warner Records Inc.']",['2024-04-05'],"Jason Evigan, Connor Mcdonough, Riley Mcdonough, Benson Boone, Jackson Lafrantz Larsen","[{'id': 33918198, 'label': 'Night Street Records, Inc./Warner Records Inc.', 'name': 'Slow It Down', 'release_date': '2024-03-22', 'upc': '054391287847'}]",161831,False,0.107590141834,"['Jason Evigan', 'Connor Mcdonough', 'Riley Mcdonough', 'Benson Boone', 'Jackson Lafrantz Larsen']","[{'career_stage': 'superstar', 'code2': 'US', 'id': 7623714, 'name': 'Benson Boone', 'image_url': 'https://i.scdn.co/image/ab6761610000e5ebb2ce21a89c09c00d80d8ca25'}]",50,2024-07-01T00:00:00.000Z,daily,regional,REGIONAL DAILY,,US,137046631,-0.2857142857142857,48,19,2024-04-10T00:00:00.000Z,75,"[{'plays': None, 'rank': 48, 'timestp': '2024-06-24T00:00:00.000Z'}, {'plays': None, 'rank': 49, 'timestp': '2024-06-25T00:00:00.000Z'}, {'plays': None, 'rank': 43, 'timestp': '2024-06-26T00:00:00.000Z'}, {'plays': None, 'rank': 44, 'timestp': '2024-06-27T00:00:00.000Z'}, {'plays': None, 'rank': 45, 'timestp': '2024-06-28T00:00:00.000Z'}, {'plays': None, 'rank': 48, 'timestp': '2024-06-29T00:00:00.000Z'}, {'plays': None, 'rank': 48, 'timestp': '2024-06-30T00:00:00.000Z'}, {'plays': None, 'rank': 50, 'timestp': '2024-07-01T00:00:00.000Z'}]"
